,coin,buy_date,buy,sell_date,sell,profit,profit_rate
0,BTC,2023-01-11,22496242.5,2023-02-05,28975505.0,6479262.5,0.2880153207807926
1,BTC,2023-02-15,31201593.0,2023-02-24,30861561.5,-340031.5,-0.010897889091752462
2,BTC,2023-03-17,36225103.5,2023-03-29,37382299.5,1157196.0,0.031944587818776
3,BTC,2023-04-10,39004492.5,2023-04-18,39610185.0,605692.5,0.015528788126137009
4,BTC,2023-08-08,39456718.5,2023-08-30,37090445.5,-2366273.0,-0.05997135823649399
5,BTC,2023-09-19,36518250.0,2023-10-12,36731625.0,213375.0,0.005842968926495657
6,BTC,2023-10-16,38716348.5,2023-11-15,50431771.5,11715423.0,0.3025962791919801
7,BTC,2023-12-01,51734854.5,2023-12-12,57576197.5,5841343.0,0.11290923800703836
0,ETH,2023-01-09,1664331.75,2023-01-27,2003997.5,339665.75,0.20408536338984098
1,ETH,2023-02-15,2149074.0,2023-02-23,2162918.0,13844.0,0.006441844254781361
2,ETH,2023-03-17,2362180.5,2023-04-02,2373812.5,11632.0,0.004924263831658927
3,ETH,2023-04-04,2472235.5,2023-04-20,2586706.0,114470.5,0.04630242547686092
4,ETH,2023-05-28,2543271.0,2023-06-21,2467765.5,-75505.5,-0.029688342296200446
5,ETH,2023-10-23,2362180.5,2023-11-17,2648675.0,286494.5,0.12128391543321944
6,ETH,2023-12-02,2887443.0,2023-12-12,3059469.5,172026.5,0.05957745313067652
0,NEO,2023-01-12,8994.494999999999,2023-03-01,16801.595,7807.100000000002,0.8679864739487879
1,NEO,2023-03-19,17868.93,2023-03-26,16331.830000000002,-1537.0999999999985,-0.08602081937754519
2,NEO,2023-04-16,17758.875,2023-04-21,14692.650000000001,-3066.2249999999985,-0.17265874105200912
3,NEO,2023-05-27,14217.105,2023-06-22,11214.390000000001,-3002.7149999999983,-0.21120439076731856
4,NEO,2023-07-01,13206.599999999999,2023-07-24,11274.36,-1932.239999999998,-0.1463086638498931
5,NEO,2023-09-05,10215.105,2023-09-24,9805.095000000001,-410.0099999999984,-0.04013761973078088
6,NEO,2023-10-23,10295.144999999999,2023-11-16,15462.265000000001,5167.120000000003,0.5018987105086915
7,NEO,2023-12-03,16408.2,2023-12-18,17091.45,683.25,0.04164076498336198
0,MTL,2023-01-12,1010.505,2023-02-01,1179.41,168.9050000000001,0.16714909871796785
1,MTL,2023-02-04,1330.665,2023-02-14,1294.3525,-36.3125,-0.027288987085404667
2,MTL,2023-02-19,2101.0499999999997,2023-03-04,1554.2225,-546.8274999999996,-0.26026391566121687
3,MTL,2023-04-01,1760.8799999999999,2023-04-19,1604.1975,-156.6824999999999,-0.0889796578983235
4,MTL,2023-06-03,1465.7324999999998,2023-06-28,1644.1775,178.44500000000016,0.12174458845662506
5,MTL,2023-07-10,2006.0024999999998,2023-07-14,1809.095,-196.9074999999998,-0.09815914985150807
6,MTL,2023-08-02,1965.9824999999998,2023-08-08,1724.1375,-241.8449999999998,-0.12301482846363068
7,MTL,2023-10-23,1895.9475,2023-11-18,2258.8700000000003,362.92250000000035,0.1914201210740278
0,XRP,2023-03-21,622.3109999999999,2023-04-09,666.6665,44.35550000000012,0.07127545551982871
1,XRP,2023-05-29,658.329,2023-06-10,673.663,15.33400000000006,0.023292305215173663
2,XRP,2023-07-13,1040.52,2023-07-31,905.547,-134.97299999999996,-0.1297168723330642
3,XRP,2023-10-03,731.3655,2023-10-11,666.6665,-64.69899999999996,-0.0884632922936616
4,XRP,2023-10-24,752.376,2023-11-16,826.5865,74.21050000000002,0.0986348581028635
5,XRP,2023-12-06,881.4404999999999,2023-12-12,857.571,-23.869499999999903,-0.027080103535065504
0,ETC,2023-02-04,30025.004999999997,2023-02-09,27136.425000000003,-2888.5799999999945,-0.09620581245531831
1,ETC,2023-04-11,28454.219999999998,2023-04-21,25767.11,-2687.109999999997,-0.09443625585238313
2,ETC,2023-10-23,22361.175,2023-11-16,26016.985,3655.8100000000013,0.16348917263963103
3,ETC,2023-12-04,27103.545,2023-12-13,28655.665,1552.1200000000026,0.057266309628500725
0,SNT,2023-01-13,28.514249999999997,2023-02-10,36.3818,7.867550000000001,0.27591642775103686
1,SNT,2023-02-27,41.820899999999995,2023-04-19,36.181900000000006,-5.638999999999989,-0.13483688777620734
2,SNT,2023-07-13,38.91945,2023-07-26,32.88355,-6.035899999999998,-0.15508698093112822
3,SNT,2023-09-15,30.31515,2023-10-12,31.684150000000002,1.3690000000000033,0.04515893868247405
4,SNT,2023-10-15,34.2171,2023-11-08,65.06745,30.85034999999999,0.901606214436641
5,SNT,2023-12-05,64.2321,2023-12-16,58.87055,-5.361550000000001,-0.08347150412332775
0,XEM,2023-01-12,41.32064999999999,2023-02-13,47.47625,6.155600000000007,0.14897151908307366
1,XEM,2023-02-20,56.52825,2023-03-05,54.172900000000006,-2.3553499999999943,-0.0416667772308535
2,XEM,2023-04-06,55.52775,2023-04-12,52.9735,-2.554249999999996,-0.04599952276114189
3,XEM,2023-08-01,40.32015,2023-08-16,35.5822,-4.737949999999998,-0.11750824339691192
4,XEM,2023-10-01,36.8184,2023-11-20,51.074450000000006,14.256050000000009,0.3871990635117227
5,XEM,2023-12-05,52.926449999999996,2023-12-13,53.17340000000001,0.24695000000001244,0.004665909011468037
0,QTUM,2023-01-12,2751.375,2023-01-19,2888.5550000000003,137.1800000000003,0.049858707010131405
1,QTUM,2023-03-19,4747.3724999999995,2023-03-28,4057.9700000000003,-689.4024999999992,-0.14521769673645776
2,QTUM,2023-04-14,4362.179999999999,2023-04-20,4027.985,-334.19499999999925,-0.07661192339609996
3,QTUM,2023-06-30,3556.7774999999997,2023-07-16,3473.2625000000003,-83.51499999999942,-0.023480524154237768
4,QTUM,2023-10-01,3211.605,2023-10-10,2893.5525000000002,-318.0524999999998,-0.09903225957114893
5,QTUM,2023-10-23,3281.64,2023-11-21,3903.0475,621.4075000000003,0.18935882668421894
6,QTUM,2023-11-25,4507.2525,2023-12-12,4342.8275,-164.42499999999927,-0.03648009513556192
0,STEEM,2023-01-13,216.10799999999998,2023-02-02,252.8735,36.76550000000003,0.17012558535547057
1,STEEM,2023-02-24,334.167,2023-04-25,289.855,-44.311999999999955,-0.1326043565043824
2,STEEM,2023-07-11,268.13399999999996,2023-08-08,244.87750000000003,-23.25649999999993,-0.08673461776574375
3,STEEM,2023-08-14,252.12599999999998,2023-09-09,215.89200000000002,-36.23399999999995,-0.1437138573570356
4,STEEM,2023-10-17,255.1275,2023-10-19,242.8785,-12.248999999999995,-0.04801128847341034
5,STEEM,2023-10-20,271.1355,2023-11-18,341.829,70.69350000000003,0.26073125798724267
0,XLM,2023-01-23,119.0595,2023-02-25,117.941,-1.1184999999999974,-0.0093944624326492
1,XLM,2023-03-21,128.064,2023-04-12,137.931,9.867000000000019,0.07704741379310359
2,XLM,2023-06-27,135.0675,2023-07-07,128.93550000000002,-6.131999999999977,-0.045399522460991555
3,XLM,2023-07-13,198.099,2023-08-02,188.90550000000002,-9.193499999999972,-0.0464086138748806
4,XLM,2023-09-09,179.0895,2023-09-14,162.91850000000002,-16.170999999999964,-0.09029563430575195
5,XLM,2023-10-30,161.0805,2023-11-12,164.91750000000002,3.8370000000000175,0.023820387942674735
6,XLM,2023-12-05,168.084,2023-12-14,172.9135,4.829499999999996,0.028732657480783394
0,STORJ,2023-02-05,557.2785,2023-02-12,515.7420000000001,-41.53649999999993,-0.07453454601245146
1,STORJ,2023-02-20,620.31,2023-02-27,586.7065,-33.60349999999994,-0.05417210749463969
2,STORJ,2023-04-07,571.2855,2023-04-15,531.734,-39.55149999999992,-0.06923245907694126
3,STORJ,2023-06-30,408.20399999999995,2023-07-14,395.802,-12.40199999999993,-0.03038186788958445
4,STORJ,2023-09-08,338.169,2023-09-24,447.776,109.60700000000003,0.3241190055859645
5,STORJ,2023-09-29,606.303,2023-10-05,607.696,1.393000000000029,0.0022975311024356288
6,STORJ,2023-10-30,605.3025,2023-11-30,982.5085,377.206,0.6231694070320212
7,STORJ,2023-12-05,1095.5475,2023-12-10,978.5105000000001,-117.03699999999981,-0.106829690177742
8,STORJ,2023-12-13,1080.54,2023-12-24,1104.4475,23.907500000000027,0.022125511318414892
0,GRS,2023-01-12,442.221,2023-02-28,605.697,163.476,0.3696703684356917
1,GRS,2023-07-11,485.24249999999995,2023-07-25,451.774,-33.46849999999995,-0.06897273012978038
2,GRS,2023-08-12,552.276,2023-08-28,588.7055,36.429500000000075,0.0659624897696081
3,GRS,2023-09-02,807.4035,2023-09-17,728.6355000000001,-78.76799999999992,-0.09755716937070488
4,GRS,2023-10-29,679.3394999999999,2023-11-06,668.6655000000001,-10.673999999999864,-0.01571232057020071
5,GRS,2023-11-08,815.4074999999999,2023-11-21,734.6325,-80.77499999999986,-0.09906089899835342
6,GRS,2023-12-09,862.4309999999999,2023-12-15,776.6115000000001,-85.81949999999983,-0.09950883027163894
0,ADA,2023-01-08,377.1885,2023-01-25,465.76700000000005,88.57850000000008,0.23483881401474352
1,ADA,2023-02-15,536.2679999999999,2023-03-15,433.783,-102.4849999999999,-0.19110780430680166
2,ADA,2023-03-21,488.24399999999997,2023-03-28,485.757,-2.4869999999999663,-0.005093764593113211
3,ADA,2023-03-31,525.2624999999999,2023-04-21,510.7445,-14.517999999999915,-0.027639513576544903
4,ADA,2023-07-13,455.22749999999996,2023-07-29,402.79850000000005,-52.42899999999992,-0.11517098593560346
5,ADA,2023-10-23,375.1875,2023-11-18,506.7465,131.55900000000003,0.350648675662169
6,ADA,2023-12-04,551.2755,2023-12-18,819.59,268.31450000000007,0.4867158072506398
0,SBD,2023-01-13,3036.5175,2023-02-02,3288.355,251.8375000000001,0.08293629132715359
1,SBD,2023-02-09,3641.8199999999997,2023-03-03,3683.1575000000003,41.337500000000546,0.01135078065362938
2,SBD,2023-07-11,3186.5924999999997,2023-07-21,3048.4750000000004,-138.11749999999938,-0.04334332049046102
3,SBD,2023-07-22,3301.6499999999996,2023-08-17,2843.5775000000003,-458.0724999999993,-0.13874047824572544
4,SBD,2023-08-24,3341.6699999999996,2023-08-29,2878.56,-463.1099999999997,-0.1385863954250419
5,SBD,2023-09-20,3066.5325,2023-10-11,2928.5350000000003,-137.9974999999995,-0.04500115358307779
6,SBD,2023-10-20,3201.6,2023-11-18,6246.875,3045.275,0.9511728510744628
0,BTG,2023-01-13,19809.899999999998,2023-02-02,21319.335000000003,1509.435000000005,0.07619599291263485
1,BTG,2023-02-18,23051.52,2023-03-01,22628.68,-422.84000000000015,-0.018343258926092516
2,BTG,2023-04-11,22511.25,2023-04-19,20999.495000000003,-1511.7549999999974,-0.06715553334443877
3,BTG,2023-06-23,19079.535,2023-06-29,18040.975000000002,-1038.5599999999977,-0.05443319242319049
4,BTG,2023-07-30,23471.73,2023-08-17,18150.920000000002,-5320.809999999998,-0.22669015023604983
5,BTG,2023-09-28,18029.01,2023-11-06,21199.395,3170.385000000002,0.17584908988347125
6,BTG,2023-11-09,23111.55,2023-11-15,22358.815000000002,-752.734999999997,-0.032569645912974114
7,BTG,2023-12-03,24042.015,2023-12-14,23608.190000000002,-433.8249999999971,-0.018044452596839206
0,ICX,2023-01-11,209.1045,2023-02-10,277.861,68.75649999999999,0.3288140618685872
1,ICX,2023-02-17,315.15749999999997,2023-03-04,293.853,-21.304499999999962,-0.06759953356654995
2,ICX,2023-04-01,371.1855,2023-04-14,502.74850000000004,131.56300000000005,0.3544400306585253
3,ICX,2023-07-15,313.1565,2023-07-25,283.858,-29.29849999999999,-0.09355865198391217
4,ICX,2023-09-20,244.12199999999999,2023-10-04,229.88500000000002,-14.236999999999966,-0.05831920105520996
5,ICX,2023-10-20,259.1295,2023-11-19,348.82550000000003,89.69600000000003,0.34614353055132674
6,ICX,2023-12-07,376.188,2023-12-11,346.8265,-29.361499999999978,-0.07805007070932614
0,EOS,2023-02-17,1530.7649999999999,2023-03-09,1429.285,-101.47999999999979,-0.06629365056034062
1,EOS,2023-07-01,1040.52,2023-07-24,967.5160000000001,-73.0039999999999,-0.070161073309499
2,EOS,2023-10-23,790.395,2023-11-15,973.513,183.11800000000005,0.23167909716028068
3,EOS,2023-12-05,1015.5074999999999,2023-12-16,1104.4475,88.94000000000005,0.0875818248511213
0,TRX,2023-02-07,83.34164999999999,2023-03-03,89.15540000000001,5.813750000000027,0.06975803814779319
1,TRX,2023-05-20,97.6488,2023-06-01,99.7501,2.101300000000009,0.021518953637935226
2,TRX,2023-06-02,110.05499999999999,2023-06-07,101.94900000000001,-8.10599999999998,-0.07365408204988398
3,TRX,2023-06-30,102.05099999999999,2023-07-12,101.94900000000001,-0.10199999999997544,-0.000999500249874822
4,TRX,2023-07-22,110.05499999999999,2023-08-02,100.9495,-9.105499999999992,-0.08273590477488522
5,TRX,2023-09-12,110.05499999999999,2023-10-09,116.9415,6.886500000000012,0.06257325882513301
6,TRX,2023-10-31,132.066,2023-11-08,130.9345,-1.1314999999999884,-0.008567685854042587
7,TRX,2023-11-10,142.071,2023-11-18,137.931,-4.139999999999986,-0.02914035939776581
0,SC,2023-01-12,3.2516249999999998,2023-02-02,4.2478750000000005,0.9962500000000007,0.3063852689040098
1,SC,2023-04-06,5.912955,2023-04-16,5.7471250000000005,-0.1658299999999997,-0.02804519905867704
2,SC,2023-07-04,4.8024,2023-07-20,4.25787,-0.54453,-0.11338705647176411
3,SC,2023-07-29,4.812404999999999,2023-08-15,4.467765,-0.34463999999999917,-0.07161492019063218
4,SC,2023-09-23,4.172085,2023-10-11,3.89805,-0.27403500000000003,-0.0656829858452069
5,SC,2023-10-23,4.272135,2023-11-22,6.166915,1.8947800000000008,0.44352062844456014
6,SC,2023-12-01,7.66383,2023-12-18,9.345325,1.6814950000000009,0.219406615230244
0,ONT,2023-01-12,226.113,2023-02-02,268.8655,42.7525,0.18907581607426374
1,ONT,2023-02-05,301.15049999999997,2023-02-28,330.8345,29.684000000000026,0.09856865587139994
2,ONT,2023-04-06,390.195,2023-04-22,335.832,-54.363,-0.13932264636912314
3,ONT,2023-06-27,276.138,2023-08-09,249.875,-26.262999999999977,-0.09510824297995922
4,ONT,2023-08-12,263.13149999999996,2023-09-06,225.887,-37.24449999999996,-0.14154329679266817
5,ONT,2023-09-22,242.12099999999998,2023-10-04,224.88750000000002,-17.233499999999964,-0.07117722130670187
6,ONT,2023-10-21,236.118,2023-11-18,294.8525,58.734500000000025,0.2487506246876563
7,ONT,2023-12-05,317.1585,2023-12-15,314.84250000000003,-2.315999999999974,-0.007302342519591857
0,ZIL,2023-02-18,42.2211,2023-02-26,43.5782,1.3571000000000026,0.03214269642429976
1,ZIL,2023-04-01,40.420199999999994,2023-04-26,38.7806,-1.6395999999999944,-0.04056387647760265
2,ZIL,2023-09-22,24.4122,2023-11-17,28.88555,4.47335,0.1832423951958447
3,ZIL,2023-12-05,32.016,2023-12-13,32.88355,0.8675500000000014,0.027097388805597245
4,ZIL,2023-12-22,35.0175,2023-12-28,34.5827,-0.43479999999999563,-0.012416648818447795
0,POLYX,2023-01-13,190.095,2023-02-01,232.88350000000003,42.78850000000003,0.22509008653567966
1,POLYX,2023-02-16,279.1395,2023-03-02,258.8705,-20.269000000000005,-0.07261243930006325
2,POLYX,2023-04-06,247.12349999999998,2023-04-19,214.8925,-32.230999999999966,-0.1304246662094053
3,POLYX,2023-04-20,388.19399999999996,2023-05-01,232.88350000000003,-155.31049999999993,-0.4000847514387135
4,POLYX,2023-07-12,187.09349999999998,2023-07-31,174.91250000000002,-12.180999999999955,-0.06510648419105931
5,POLYX,2023-09-16,153.07649999999998,2023-10-15,164.91750000000002,11.841000000000037,0.077353480122684
6,POLYX,2023-10-18,185.0925,2023-11-05,295.85200000000003,110.75950000000003,0.5984007996002001
7,POLYX,2023-12-03,295.1475,2023-12-11,267.86600000000004,-27.281499999999937,-0.09243344429480155
0,ZRX,2023-02-20,355.17749999999995,2023-03-05,317.841,-37.336499999999944,-0.10512067909707104
1,ZRX,2023-03-31,390.195,2023-04-20,354.82250000000005,-35.372499999999945,-0.09065339125309127
2,ZRX,2023-08-14,301.15049999999997,2023-08-16,259.87,-41.28049999999996,-0.137075980282284
3,ZRX,2023-09-15,256.128,2023-10-06,251.87400000000002,-4.253999999999962,-0.01660888305847062
4,ZRX,2023-10-08,294.147,2023-11-09,380.8095,86.66250000000002,0.2946230966149579
5,ZRX,2023-11-11,618.309,2023-11-21,501.749,-116.55999999999995,-0.18851415716090167
0,LOOM,2023-01-14,59.72985,2023-02-01,65.46725,5.737400000000008,0.09605582468397306
1,LOOM,2023-02-03,71.53575,2023-03-28,88.25585,16.720100000000002,0.2337306871040005
2,LOOM,2023-07-11,64.83239999999999,2023-08-15,60.869550000000004,-3.962849999999989,-0.06112453032742871
3,LOOM,2023-10-09,265.1325,2023-10-18,204.8975,-60.234999999999985,-0.22718829264612972
4,LOOM,2023-11-10,192.096,2023-11-19,164.91750000000002,-27.178499999999985,-0.1414839455272363
0,BCH,2023-02-20,186193.05,2023-02-25,178060.92500000002,-8132.124999999971,-0.04367577092700276
1,BCH,2023-06-21,179089.5,2023-07-08,360669.575,181580.075,1.0139068733789531
2,BCH,2023-09-27,312756.3,2023-10-09,297651.10000000003,-15105.199999999953,-0.04829702870893393
3,BCH,2023-10-23,349674.75,2023-11-01,332683.575,-16991.17499999999,-0.04859136955127583
4,BCH,2023-12-04,341570.69999999995,2023-12-14,323588.125,-17982.574999999953,-0.05264671413560928
0,BAT,2023-01-13,267.13349999999997,2023-02-03,345.827,78.69350000000003,0.2945849172791883
1,BAT,2023-02-07,380.19,2023-02-11,351.824,-28.365999999999985,-0.07461006338935791
2,BAT,2023-02-15,404.202,2023-02-25,391.80400000000003,-12.397999999999968,-0.03067278242067077
3,BAT,2023-03-31,355.17749999999995,2023-04-18,371.814,16.63650000000007,0.04683996030153957
4,BAT,2023-07-30,278.139,2023-08-16,253.87300000000002,-24.26599999999999,-0.08724414771031747
5,BAT,2023-10-08,252.12599999999998,2023-11-18,297.851,45.72500000000002,0.18135773383149706
6,BAT,2023-12-04,334.167,2023-12-13,332.8335,-1.3334999999999582,-0.0039905197102046526
0,IOST,2023-01-10,10.004999999999999,2023-02-01,12.1939,2.1889000000000003,0.21878060969515248
1,IOST,2023-02-20,18.4092,2023-03-04,14.09295,-4.316249999999998,-0.2344615735610455
2,IOST,2023-04-18,16.008,2023-04-22,14.09295,-1.915049999999999,-0.11963080959520235
3,IOST,2023-07-13,12.006,2023-07-18,11.394300000000001,-0.611699999999999,-0.05094952523738123
4,IOST,2023-09-29,10.205099999999998,2023-10-10,9.295350000000001,-0.9097499999999972,-0.08914660316900347
5,IOST,2023-10-20,10.50525,2023-11-03,11.394300000000001,0.889050000000001,0.08462911401442146
6,IOST,2023-11-06,12.2061,2023-11-20,12.1939,-0.012199999999999989,-0.0009995002498750616
7,IOST,2023-12-04,13.206599999999998,2023-12-20,13.593200000000001,0.38660000000000316,0.029273242166795634
0,CVC,2023-01-14,118.059,2023-02-03,141.929,23.870000000000005,0.2021870420721843
1,CVC,2023-02-04,148.07399999999998,2023-02-15,149.925,1.8510000000000275,0.012500506503505192
2,CVC,2023-04-21,158.07899999999998,2023-04-28,137.931,-20.147999999999968,-0.127455259711916
3,CVC,2023-07-15,119.0595,2023-07-25,112.9435,-6.116,-0.051369273346520014
4,CVC,2023-09-16,101.0505,2023-10-09,99.95,-1.1004999999999967,-0.01089059430680696
5,CVC,2023-10-17,118.059,2023-11-24,154.9225,36.863500000000016,0.31224641916329987
0,IQ,2023-02-08,9.654825,2023-02-23,9.645175,-0.009650000000000603,-0.0009995002498751249
1,IQ,2023-07-11,6.423209999999999,2023-08-12,7.076460000000001,0.6532500000000017,0.10170148570574553
2,IQ,2023-09-16,6.263129999999999,2023-09-29,6.63668,0.3735500000000007,0.059642702610356285
3,IQ,2023-10-21,6.7033499999999995,2023-11-21,7.426285,0.7229350000000005,0.10784682285722819
4,IQ,2023-11-24,8.804400000000001,2023-12-03,7.9660150000000005,-0.8383850000000006,-0.0952234110217619
0,IOTA,2023-01-27,307.1535,2023-02-03,299.85,-7.3034999999999854,-0.0237780132734935
1,IOTA,2023-02-20,346.173,2023-03-01,330.8345,-15.33850000000001,-0.044308770470256234
2,IOTA,2023-09-04,232.11599999999999,2023-09-13,227.88600000000002,-4.229999999999961,-0.018223646797290844
3,IOTA,2023-10-30,222.111,2023-11-17,245.877,23.76600000000002,0.10700055377716557
4,IOTA,2023-11-29,373.18649999999997,2023-12-12,371.814,-1.3724999999999454,-0.003677785771993214
0,HIFI,2023-02-04,670.3349999999999,2023-03-05,613.693,-56.64199999999994,-0.08449804948272124
1,HIFI,2023-04-21,688.3439999999999,2023-05-03,518.7405,-169.60349999999994,-0.24639351835710047
2,HIFI,2023-06-28,482.241,2023-07-07,399.8,-82.44099999999997,-0.17095394211607884
3,HIFI,2023-07-09,510.255,2023-07-22,414.7925,-95.46249999999998,-0.18708782863470222
4,HIFI,2023-08-12,464.23199999999997,2023-08-18,514.7425000000001,50.51050000000009,0.1088044339899018
5,HIFI,2023-09-12,848.424,2023-09-19,1199.4,350.9760000000001,0.41367995247659206
6,HIFI,2023-11-09,1230.615,2023-11-30,969.5150000000001,-261.0999999999999,-0.21217033759542986
7,HIFI,2023-12-06,1080.54,2023-12-11,1004.4975000000001,-76.0424999999999,-0.07037453495474476
0,ONG,2023-01-13,314.157,2023-02-18,446.7765,132.61950000000002,0.42214402352963654
1,ONG,2023-07-11,427.21349999999995,2023-07-20,312.8435,-114.36999999999995,-0.26771157746653595
2,ONG,2023-08-11,332.166,2023-08-18,295.85200000000003,-36.313999999999965,-0.10932485564446681
3,ONG,2023-09-18,306.15299999999996,2023-09-27,299.85,-6.30299999999994,-0.020587745343014576
4,ONG,2023-11-04,552.276,2023-11-13,490.7545,-61.521499999999946,-0.11139629460631995
0,GAS,2023-02-04,3456.7275,2023-03-01,4617.6900000000005,1160.9625000000005,0.335855950461817
1,GAS,2023-05-29,3881.9399999999996,2023-06-03,3728.135,-153.80499999999938,-0.039620653590730255
2,GAS,2023-07-01,3756.8774999999996,2023-08-04,3533.2325,-223.64499999999953,-0.059529489582771745
3,GAS,2023-09-13,3166.5825,2023-10-05,3118.44,-48.14249999999993,-0.015203298824521365
0,UPP,2023-01-14,69.33465,2023-02-10,82.65865000000001,13.324000000000012,0.19216942755173658
1,UPP,2023-02-15,91.4457,2023-03-03,92.85355000000001,1.4078500000000105,0.015395475128956424
2,UPP,2023-04-06,99.94995,2023-05-22,76.9615,-22.98845,-0.229999614807211
3,UPP,2023-06-24,72.2361,2023-08-16,80.3598,8.123700000000014,0.11246039030346343
4,UPP,2023-09-16,80.34015,2023-10-09,83.65815,3.318000000000012,0.04129940011314408
5,UPP,2023-10-23,92.74634999999999,2023-11-19,104.9475,12.201150000000013,0.13155396411826464
6,UPP,2023-12-08,107.0535,2023-12-13,106.9465,-0.10699999999999932,-0.0009995002498750561
0,ELF,2023-01-28,243.1215,2023-03-07,363.81800000000004,120.69650000000004,0.4964451930413396
1,ELF,2023-04-06,438.219,2023-04-10,412.7935,-25.4255,-0.05802007671963105
2,ELF,2023-06-01,401.2005,2023-06-13,352.8235,-48.37699999999995,-0.12058060745188492
3,ELF,2023-07-24,379.18949999999995,2023-08-19,387.80600000000004,8.616500000000087,0.02272346676266112
4,ELF,2023-08-22,417.20849999999996,2023-10-03,463.76800000000003,46.55950000000007,0.11159767837903609
5,ELF,2023-10-24,493.24649999999997,2023-11-24,607.696,114.44950000000006,0.2320330706857526
6,ELF,2023-12-05,860.43,2023-12-19,1074.4625,214.03250000000014,0.24875062468765635
0,BSV,2023-02-20,57008.49,2023-03-01,54962.505000000005,-2045.9849999999933,-0.03588912809302603
1,BSV,2023-05-09,57308.64,2023-05-18,44677.65,-12630.989999999998,-0.2204028921293543
2,BSV,2023-10-01,43911.945,2023-10-14,46266.855,2354.9100000000035,0.0536280048629138
3,BSV,2023-10-16,53936.954999999994,2023-10-27,61869.05,7932.095000000008,0.14706234343410765
4,BSV,2023-12-03,67523.745,2023-12-13,68705.63,1181.8850000000093,0.017503250152964847
0,THETA,2023-01-20,1240.62,2023-02-28,1509.2450000000001,268.6250000000002,0.2165248021150717
1,THETA,2023-04-18,1595.7975,2023-04-23,1364.3175,-231.4799999999998,-0.14505599864644467
2,THETA,2023-07-13,1060.53,2023-07-30,1039.48,-21.049999999999955,-0.019848566282896246
3,THETA,2023-10-23,867.4335,2023-11-21,1159.42,291.9865000000001,0.33660966517894464
4,THETA,2023-12-02,1455.7275,2023-12-12,1464.2675000000002,8.540000000000191,0.00586648256627713
0,QKC,2023-01-13,11.10555,2023-02-14,13.293350000000002,2.187800000000003,0.19700059879969953
1,QKC,2023-02-20,17.208599999999997,2023-03-03,14.09295,-3.115649999999997,-0.1810519159025137
2,QKC,2023-06-26,11.705849999999998,2023-07-25,12.3938,0.6879500000000025,0.05876976041893606
3,QKC,2023-07-28,13.30665,2023-08-27,10.7946,-2.5120499999999986,-0.18878154907508643
4,QKC,2023-09-20,10.50525,2023-10-11,10.1949,-0.3103499999999997,-0.029542371671307174
5,QKC,2023-10-17,11.705849999999998,2023-11-20,15.69215,3.9863000000000017,0.34053913214333026
0,BTT,2023-01-16,0.0010004999999999999,2023-03-14,0.0007996,-0.00020089999999999984,-0.20079960019989992
1,BTT,2023-12-06,0.0013006499999999998,2023-12-13,0.0017991,0.0004984500000000003,0.383231461192481
0,MOC,2023-01-13,81.94095,2023-02-02,99.25035,17.309399999999997,0.21124236416590236
1,MOC,2023-02-17,116.05799999999999,2023-03-05,135.93200000000002,19.874000000000024,0.17124196522428461
2,MOC,2023-04-09,147.0735,2023-04-17,135.93200000000002,-11.14149999999998,-0.0757546396869591
3,MOC,2023-07-11,105.0525,2023-08-08,114.94250000000001,9.890000000000015,0.09414340448823222
4,MOC,2023-09-17,99.64979999999998,2023-10-11,103.94800000000001,4.298200000000023,0.04313305194792186
5,MOC,2023-10-30,117.0585,2023-11-22,125.93700000000001,8.878500000000017,0.07584669203859623
0,TFUEL,2023-01-12,49.82489999999999,2023-02-12,67.7661,17.941200000000002,0.3600850177320979
1,TFUEL,2023-02-17,77.63879999999999,2023-04-17,72.36380000000001,-5.274999999999977,-0.06794283270735738
2,TFUEL,2023-07-14,54.6273,2023-08-07,52.87355,-1.7537499999999966,-0.032103911414256184
3,TFUEL,2023-09-18,46.12305,2023-10-06,45.27735,-0.8457000000000008,-0.018335734518857724
4,TFUEL,2023-10-17,48.6243,2023-11-05,57.27135,8.64705,0.1778339225449004
5,TFUEL,2023-11-09,62.031,2023-11-16,60.069950000000006,-1.961049999999993,-0.03161403169383039
6,TFUEL,2023-11-30,71.2356,2023-12-13,63.26835,-7.967250000000007,-0.11184365682327385
0,MANA,2023-04-14,836.418,2023-04-24,742.6285,-93.78949999999998,-0.11213233096370472
1,MANA,2023-07-01,560.28,2023-07-25,501.749,-58.53099999999995,-0.10446740915256648
2,MANA,2023-09-29,428.214,2023-10-08,403.798,-24.415999999999997,-0.057018219862031594
3,MANA,2023-10-23,436.21799999999996,2023-11-18,559.72,123.50200000000007,0.28311990793594044
4,MANA,2023-12-05,643.3215,2023-12-14,701.649,58.327499999999986,0.09066617546592176
0,AERGO,2023-01-27,176.088,2023-02-10,172.9135,-3.1744999999999948,-0.018027917859252163
1,AERGO,2023-02-24,203.1015,2023-03-03,168.9155,-34.18599999999998,-0.16831978099620132
2,AERGO,2023-04-05,206.10299999999998,2023-04-19,171.91400000000002,-34.188999999999965,-0.16588307787853632
3,AERGO,2023-07-13,147.0735,2023-07-22,145.92700000000002,-1.1464999999999748,-0.007795422016882544
4,AERGO,2023-09-17,134.06699999999998,2023-10-06,139.93,5.863000000000028,0.04373186541057851
5,AERGO,2023-10-15,147.0735,2023-11-11,191.904,44.8305,0.3048169792654693
6,AERGO,2023-11-14,291.14549999999997,2023-11-21,201.899,-89.24649999999997,-0.3065357355686417
0,ATOM,2023-02-01,18639.315,2023-02-09,17481.255,-1158.0599999999977,-0.06212996561300658
1,ATOM,2023-10-30,10985.49,2023-11-21,11124.435000000001,138.94500000000153,0.012648047560919133
2,ATOM,2023-12-12,16318.154999999999,2023-12-18,14862.565,-1455.5899999999983,-0.08920064798992279
0,TT,2023-01-13,4.552275,2023-02-01,5.327335000000001,0.7750600000000007,0.17025772827871796
1,TT,2023-02-08,6.553274999999999,2023-03-03,6.15692,-0.3963549999999989,-0.060481972754080814
2,TT,2023-04-06,6.52326,2023-04-15,6.276860000000001,-0.24639999999999862,-0.0377725247805543
3,TT,2023-04-28,6.78339,2023-05-08,5.237380000000001,-1.546009999999999,-0.22791111818721893
4,TT,2023-07-09,5.12256,2023-08-11,5.477260000000001,0.3547000000000011,0.06924272238880581
5,TT,2023-09-03,5.112555,2023-10-07,5.91704,0.8044849999999997,0.15735478640327577
6,TT,2023-10-23,6.10305,2023-11-05,6.67666,0.5736100000000004,0.09398743251325165
7,TT,2023-11-11,7.153575,2023-11-15,6.936530000000001,-0.21704499999999882,-0.030340773669109335
8,TT,2023-12-07,7.063529999999999,2023-12-12,7.086455,0.02292500000000075,0.0032455443666269913
0,GAME2,2023-01-13,3.931965,2023-02-08,6.686655000000001,2.754690000000001,0.7005886369792206
1,GAME2,2023-04-08,6.883439999999999,2023-04-22,6.1269350000000005,-0.7565049999999989,-0.10990217100751934
2,GAME2,2023-06-24,4.6723349999999995,2023-08-11,6.5067450000000004,1.834410000000001,0.3926109750264057
3,GAME2,2023-09-14,5.712854999999999,2023-09-30,6.246875,0.5340200000000008,0.09347690427990923
4,GAME2,2023-10-24,7.38369,2023-11-17,7.926035,0.5423450000000001,0.07345175650657057
5,GAME2,2023-12-06,8.074035,2023-12-17,7.646175,-0.4278599999999999,-0.05299209131493731
0,MBL,2023-01-13,3.36168,2023-02-02,4.31784,0.9561600000000006,0.28442921396444654
1,MBL,2023-02-08,4.92246,2023-02-14,4.3978,-0.5246599999999999,-0.10658491892265247
2,MBL,2023-06-24,3.6718349999999997,2023-07-21,3.77811,0.10627500000000012,0.028943294020564683
3,MBL,2023-07-22,3.911955,2023-08-01,4.107945000000001,0.195990000000001,0.05010026955831573
4,MBL,2023-08-05,4.752375,2023-08-08,4.287855,-0.4645199999999994,-0.09774481180462388
5,MBL,2023-09-20,4.112055,2023-11-12,5.827085,1.7150300000000005,0.4170737015920265
6,MBL,2023-11-13,8.4042,2023-11-18,6.966515,-1.4376849999999992,-0.1710674424692415
0,MED,2023-01-13,17.708849999999998,2023-02-05,24.087950000000003,6.379100000000005,0.3602210194337862
1,MED,2023-02-24,27.713849999999997,2023-03-01,26.28685,-1.426999999999996,-0.05149050023724586
2,MED,2023-04-05,24.512249999999998,2023-04-17,23.28835,-1.2238999999999969,-0.049930136972330036
3,MED,2023-07-15,16.208099999999998,2023-08-01,16.29185,0.08375000000000199,0.005167169501669042
4,MED,2023-10-08,12.706349999999999,2023-10-10,11.894050000000002,-0.8122999999999969,-0.06392866558846537
5,MED,2023-10-15,13.30665,2023-11-18,16.791600000000003,3.484950000000003,0.26189536810542124
6,MED,2023-12-06,17.50875,2023-12-13,17.7911,0.282350000000001,0.01612622260298428
0,STPT,2023-01-13,40.12005,2023-03-02,64.5677,24.447650000000003,0.6093624010937175
1,STPT,2023-04-05,71.0355,2023-04-22,67.36630000000001,-3.6691999999999894,-0.051653046716078434
2,STPT,2023-07-11,56.12805,2023-08-16,56.7716,0.6435499999999976,0.011465746627577433
3,STPT,2023-09-14,63.43169999999999,2023-10-03,73.46325,10.03155000000001,0.15814726706047624
4,STPT,2023-10-15,98.74934999999999,2023-10-21,83.1584,-15.590949999999992,-0.1578840772116474
0,ORBS,2023-01-13,31.515749999999997,2023-02-09,43.67815,12.162400000000005,0.3859149790184275
1,ORBS,2023-07-11,33.8169,2023-07-20,33.583200000000005,-0.2336999999999918,-0.006910745810526447
2,ORBS,2023-07-29,36.8184,2023-10-29,55.87205,19.053650000000005,0.5175034765226084
0,VET,2023-01-27,31.315649999999998,2023-01-30,28.985500000000002,-2.330149999999996,-0.07440848265962853
1,VET,2023-02-17,35.51775,2023-02-27,37.48125,1.9635000000000034,0.05528221804590672
2,VET,2023-08-14,24.912449999999996,2023-09-13,22.48875,-2.4236999999999966,-0.0972887050450677
3,VET,2023-10-22,23.6118,2023-11-15,29.1854,5.5736000000000026,0.2360514657925276
4,VET,2023-12-04,32.6163,2023-12-22,48.7756,16.159299999999995,0.49543633091429723
0,CHZ,2023-01-12,160.07999999999998,2023-02-10,176.91150000000002,16.831500000000034,0.10514430284857594
1,CHZ,2023-04-05,172.08599999999998,2023-04-22,163.918,-8.167999999999978,-0.047464639773136565
2,CHZ,2023-09-30,84.14204999999998,2023-11-15,106.9465,22.804450000000017,0.2710232279817288
3,CHZ,2023-12-06,113.0565,2023-12-16,114.94250000000001,1.88600000000001,0.01668192452446352
0,STMX,2023-01-13,5.712854999999999,2023-02-13,7.5862050000000005,1.8733500000000012,0.32791835255752183
1,STMX,2023-02-15,9.154575,2023-02-25,9.045475000000001,-0.10909999999999798,-0.011917538498510087
2,STMX,2023-07-17,5.96298,2023-08-13,9.03548,3.0725,0.5152625029766995
3,STMX,2023-09-14,8.294144999999999,2023-10-04,8.705645,0.411500000000002,0.049613311558937306
4,STMX,2023-10-17,9.94497,2023-11-17,11.394300000000001,1.4493300000000016,0.1457349795926988
5,STMX,2023-12-07,11.705849999999998,2023-12-18,11.494250000000001,-0.21159999999999712,-0.018076431869535076
0,DKA,2023-01-13,39.319649999999996,2023-02-07,52.87355,13.553900000000006,0.34471059635576634
1,DKA,2023-02-24,59.52975,2023-03-02,54.372800000000005,-5.156949999999995,-0.08662811451417139
2,DKA,2023-04-05,54.72735,2023-04-21,47.27635,-7.4510000000000005,-0.13614764829650988
3,DKA,2023-07-15,41.4207,2023-07-26,40.079950000000004,-1.3407499999999928,-0.03236908115990297
4,DKA,2023-07-29,43.921949999999995,2023-08-16,36.28185,-7.640099999999997,-0.1739471949674365
5,DKA,2023-09-20,35.0175,2023-11-04,47.57620000000001,12.558700000000009,0.35864067966017016
6,DKA,2023-12-08,51.525749999999995,2023-12-11,48.175900000000006,-3.3498499999999893,-0.0650131245057081
0,HIVE,2023-01-13,402.20099999999996,2023-02-03,537.731,135.53000000000003,0.3369708180735504
1,HIVE,2023-02-04,654.327,2023-02-14,548.7255,-105.60149999999999,-0.1613894887418676
2,HIVE,2023-02-24,669.3344999999999,2023-03-03,556.7215,-112.61299999999994,-0.16824622068636827
3,HIVE,2023-04-16,607.3035,2023-04-23,549.725,-57.57849999999996,-0.09481009083596581
4,HIVE,2023-06-25,487.2435,2023-07-06,428.7855,-58.45799999999997,-0.11997697249937654
5,HIVE,2023-07-15,493.24649999999997,2023-07-25,459.77000000000004,-33.47649999999993,-0.06786971625748978
6,HIVE,2023-10-04,422.21099999999996,2023-10-09,409.795,-12.41599999999994,-0.029407097399167574
7,HIVE,2023-10-22,446.22299999999996,2023-11-17,494.75250000000005,48.5295000000001,0.10875616003657387
8,HIVE,2023-12-08,523.2615,2023-12-13,495.752,-27.509499999999946,-0.052573139816325005
0,AHT,2023-01-13,6.373184999999999,2023-02-14,9.01549,2.6423050000000003,0.41459725396328534
1,AHT,2023-02-15,15.30765,2023-03-01,12.5937,-2.7139500000000005,-0.17729370608813244
2,AHT,2023-07-14,8.954474999999999,2023-08-09,10.1949,1.2404250000000019,0.13852570921243312
3,AHT,2023-09-20,9.234615,2023-10-09,9.155420000000001,-0.07919499999999857,-0.008575885405076289
4,AHT,2023-10-29,10.105049999999999,2023-11-18,10.89455,0.7895000000000021,0.07812925220558059
0,XTZ,2023-01-12,1110.5549999999998,2023-01-30,1324.3375,213.78250000000025,0.19250059654857282
1,XTZ,2023-02-07,1540.77,2023-02-10,1414.2925,-126.47749999999996,-0.0820872031516709
2,XTZ,2023-02-20,1615.8075,2023-02-27,1584.2075,-31.59999999999991,-0.019556785074954727
3,XTZ,2023-07-13,1165.5825,2023-07-18,1059.47,-106.11249999999995,-0.09103817190117384
4,XTZ,2023-10-01,953.4765,2023-11-21,1039.48,86.00350000000003,0.09019991578187825
5,XTZ,2023-12-05,1225.6125,2023-12-13,1264.3675,38.75500000000011,0.03162092423176176
0,BORA,2023-01-12,170.08499999999998,2023-02-02,241.87900000000002,71.79400000000004,0.4221065937619428
1,BORA,2023-02-06,277.13849999999996,2023-03-04,256.8715,-20.26699999999994,-0.07312950023183333
2,BORA,2023-04-05,310.155,2023-04-21,235.882,-74.27299999999997,-0.23947058728700157
3,BORA,2023-07-12,196.09799999999998,2023-07-28,192.9035,-3.1944999999999766,-0.016290324225642163
4,BORA,2023-10-01,157.0785,2023-10-13,150.9245,-6.153999999999996,-0.039177863297650516
5,BORA,2023-10-23,168.084,2023-11-03,180.9095,12.825500000000005,0.07630410984983702
6,BORA,2023-12-06,209.1045,2023-12-16,218.8905,9.786000000000001,0.046799566723815134
0,JST,2023-01-13,28.314149999999998,2023-02-15,36.981500000000004,8.667350000000006,0.3061137275885028
1,JST,2023-02-20,41.92095,2023-02-25,39.080450000000006,-2.8404999999999916,-0.06775848352673286
2,JST,2023-06-03,35.91795,2023-06-11,27.186400000000003,-8.731549999999995,-0.2430971143954484
3,JST,2023-07-29,33.0165,2023-08-07,30.68465,-2.3318499999999993,-0.07062680780821708
4,JST,2023-09-14,29.014499999999998,2023-10-10,30.284850000000002,1.270350000000004,0.04378328077340654
5,JST,2023-10-25,36.518249999999995,2023-11-17,44.9775,8.459250000000004,0.23164445174672954
6,JST,2023-12-08,45.72285,2023-12-15,43.978,-1.7448499999999996,-0.03816144444189283
0,CRO,2023-01-12,83.54175,2023-01-28,101.94900000000001,18.40725000000002,0.22033593981452412
1,CRO,2023-02-20,109.05449999999999,2023-03-04,97.25135,-11.803149999999988,-0.1082316639845214
2,CRO,2023-04-15,93.64679999999998,2023-05-07,91.65415,-1.9926499999999834,-0.021278356548221442
3,CRO,2023-07-15,78.13904999999998,2023-08-11,76.26185,-1.8771999999999878,-0.02402383955269469
4,CRO,2023-10-01,70.2351,2023-11-16,129.935,59.6999,0.8500009254631943
5,CRO,2023-12-09,148.07399999999998,2023-12-14,139.93,-8.143999999999977,-0.05499952726339518
0,TON,2023-01-13,1570.7849999999999,2023-02-25,2668.665,1097.88,0.6989371556260088
1,TON,2023-03-20,2791.395,2023-03-23,2463.7675,-327.62750000000005,-0.11737052620643086
2,TON,2023-06-24,2031.0149999999999,2023-07-08,1864.0675,-166.94749999999976,-0.08219904825912155
3,TON,2023-07-31,2096.0474999999997,2023-08-15,1874.0625,-221.98499999999967,-0.10590647397065177
4,TON,2023-09-30,1845.9225,2023-10-09,1744.1275,-101.79499999999985,-0.055145868800017254
5,TON,2023-10-23,1975.9875,2023-11-17,2923.5375000000004,947.5500000000004,0.47953238570588147
0,SXP,2023-01-10,293.1465,2023-02-05,386.8065,93.66000000000003,0.319498953594875
1,SXP,2023-02-12,444.222,2023-02-25,430.78450000000004,-13.437499999999943,-0.030249514882198413
2,SXP,2023-03-29,656.328,2023-04-11,810.5945,154.26650000000006,0.23504482514840153
3,SXP,2023-09-16,416.20799999999997,2023-10-05,374.8125,-41.39549999999997,-0.09945868411947865
4,SXP,2023-10-23,393.19649999999996,2023-11-18,472.7635,79.56700000000006,0.20235938010638466
5,SXP,2023-12-05,504.25199999999995,2023-12-13,520.7395,16.487500000000068,0.032696945178204685
0,HUNT,2023-01-13,329.1645,2023-01-31,385.807,56.64250000000004,0.17207961368859656
1,HUNT,2023-02-20,481.2405,2023-03-08,485.757,4.516500000000008,0.009385120329648082
2,HUNT,2023-04-05,557.2785,2023-04-12,521.739,-35.539499999999975,-0.063773319803294
3,HUNT,2023-07-11,448.224,2023-07-20,433.783,-14.440999999999974,-0.03221826586706641
4,HUNT,2023-07-28,491.2455,2023-08-10,455.77200000000005,-35.473499999999945,-0.07221134850090219
5,HUNT,2023-10-22,480.23999999999995,2023-11-18,547.726,67.48600000000005,0.14052557054805942
6,HUNT,2023-12-08,589.2945,2023-12-12,548.7255,-40.56899999999996,-0.06884333724479011
0,DOT,2023-01-11,6458.2275,2023-01-31,7871.0625,1412.835,0.2187651333125072
1,DOT,2023-02-03,8804.4,2023-02-25,8765.615,-38.784999999999854,-0.004405183771750472
2,DOT,2023-04-14,8794.394999999999,2023-04-24,7866.0650000000005,-928.3299999999981,-0.10555927951837486
3,DOT,2023-10-23,5822.91,2023-11-19,7236.38,1413.4700000000003,0.24274288972352318
4,DOT,2023-12-04,7633.815,2023-12-17,9310.3425,1676.527500000001,0.21961856555339646
0,MVL,2023-01-13,4.36218,2023-02-13,5.347325,0.9851449999999993,0.22583776918879991
1,MVL,2023-02-16,6.353174999999999,2023-02-27,6.316840000000001,-0.03633499999999845,-0.005719187650269111
2,MVL,2023-04-05,5.74287,2023-04-20,5.25737,-0.48550000000000004,-0.08453961172723744
3,MVL,2023-04-25,7.28364,2023-05-05,5.107445,-2.176195,-0.29877849536770074
4,MVL,2023-07-15,4.36218,2023-08-14,4.73763,0.37544999999999984,0.08606935064577799
5,MVL,2023-09-20,4.24212,2023-10-05,4.207895000000001,-0.034224999999999284,-0.008067900012257854
6,MVL,2023-10-16,4.44222,2023-11-23,5.3673150000000005,0.9250950000000007,0.20825060442751614
7,MVL,2023-12-07,6.233115,2023-12-15,6.21689,-0.01622499999999949,-0.002603032352202629
0,STRAX,2023-01-14,59.829899999999995,2023-01-25,64.7676,4.937700000000007,0.08252896962889804
1,STRAX,2023-01-27,76.8384,2023-02-10,73.96300000000001,-2.875399999999985,-0.03742139346993151
2,STRAX,2023-02-18,81.34065,2023-03-02,78.5607,-2.7799499999999995,-0.034176638617960386
3,STRAX,2023-03-30,87.0435,2023-04-19,75.5622,-11.48129999999999,-0.13190301401023616
4,STRAX,2023-06-24,62.631299999999996,2023-07-24,61.06945,-1.5618499999999926,-0.02493721190522938
5,STRAX,2023-09-13,58.12905,2023-10-14,100.44975000000001,42.32070000000001,0.7280473360565846
6,STRAX,2023-10-15,138.56924999999998,2023-10-19,87.85605000000001,-50.71319999999997,-0.3659773001585848
7,STRAX,2023-11-14,133.56674999999998,2023-11-22,133.43325000000002,-0.13349999999996953,-0.0009995002498748345
8,STRAX,2023-11-23,147.0735,2023-12-11,145.42725000000002,-1.6462499999999807,-0.01119338290038641
9,STRAX,2023-12-17,164.082,2023-12-26,148.42575000000002,-15.656249999999972,-0.09541723040918548
0,AQT,2023-01-13,1020.51,2023-02-02,1284.3575,263.8475000000001,0.2585447472342261
1,AQT,2023-02-04,1435.7175,2023-03-06,1619.19,183.47250000000008,0.12779150494439198
2,AQT,2023-04-06,1865.9325,2023-04-19,1589.2050000000002,-276.72749999999974,-0.14830520396638128
3,AQT,2023-06-24,1235.6174999999998,2023-07-15,1314.3425,78.72500000000014,0.06371308272989024
4,AQT,2023-07-29,1390.695,2023-08-09,1329.335,-61.3599999999999,-0.04412182398009621
5,AQT,2023-09-28,1430.715,2023-10-11,1304.3475,-126.36749999999984,-0.08832471875950126
6,AQT,2023-10-22,1610.8049999999998,2023-11-21,1859.0700000000002,248.26500000000033,0.1541248009535607
7,AQT,2023-12-08,2186.0924999999997,2023-12-13,2093.9525000000003,-92.13999999999942,-0.04214826225331244
0,GLM,2023-01-13,265.1325,2023-02-13,306.8465,41.714,0.15733265442750322
1,GLM,2023-02-20,354.17699999999996,2023-03-03,330.8345,-23.342499999999973,-0.06590631238053282
2,GLM,2023-04-06,356.178,2023-04-23,315.84200000000004,-40.335999999999956,-0.11324674741281032
3,GLM,2023-07-14,272.13599999999997,2023-07-20,259.87,-12.265999999999963,-0.04507305170943927
4,GLM,2023-08-02,282.14099999999996,2023-08-16,243.87800000000001,-38.26299999999995,-0.13561658886868605
5,GLM,2023-09-16,239.1195,2023-09-19,235.882,-3.237499999999983,-0.013539255476864008
6,GLM,2023-09-30,254.12699999999998,2023-10-13,241.87900000000002,-12.247999999999962,-0.04819637425381783
7,GLM,2023-10-17,260.13,2023-11-24,323.838,63.70800000000003,0.2449083150732327
0,META,2023-01-10,30.515249999999998,2023-02-01,37.081450000000004,6.566200000000006,0.215177657073103
1,META,2023-02-04,45.8229,2023-02-10,41.979,-3.843899999999998,-0.08388600459595526
2,META,2023-02-24,49.52475,2023-04-19,39.180400000000006,-10.344349999999991,-0.208872331511012
3,META,2023-07-15,34.31715,2023-07-26,34.48275,0.16560000000000485,0.004825575550417353
4,META,2023-07-28,36.91845,2023-07-31,34.68265,-2.2357999999999976,-0.060560505655031495
5,META,2023-08-03,37.918949999999995,2023-08-16,30.484750000000002,-7.4341999999999935,-0.1960550067973927
6,META,2023-09-19,31.0155,2023-10-26,44.17790000000001,13.162400000000009,0.4243813577082429
7,META,2023-12-06,68.6343,2023-12-11,60.769600000000004,-7.864699999999992,-0.11458847835557429
0,FCT2,2023-01-15,59.72985,2023-02-13,71.26435000000001,11.534500000000008,0.19311114961782105
1,FCT2,2023-02-17,96.2481,2023-03-05,86.9565,-9.291599999999988,-0.09653800958148773
2,FCT2,2023-07-11,69.73485,2023-07-22,67.26635,-2.4684999999999917,-0.03539836968173004
3,FCT2,2023-07-29,91.4457,2023-08-17,68.46575,-22.979950000000002,-0.2512961243667007
4,FCT2,2023-09-16,70.63529999999999,2023-10-03,73.06345,2.4281500000000165,0.034375871554308074
5,FCT2,2023-10-17,84.34214999999999,2023-11-10,93.05345,8.711300000000008,0.10328524942748092
6,FCT2,2023-11-17,101.0505,2023-11-22,88.45575000000001,-12.59474999999999,-0.1246381759615241
0,SAND,2023-02-07,1155.5774999999999,2023-02-09,945.527,-210.05049999999983,-0.18177101925227848
1,SAND,2023-04-14,900.4499999999999,2023-04-19,844.5775000000001,-55.87249999999983,-0.06204953079016029
2,SAND,2023-07-01,620.31,2023-07-27,553.7230000000001,-66.58699999999988,-0.1073447147394043
3,SAND,2023-09-29,426.21299999999997,2023-11-18,543.7280000000001,117.5150000000001,0.2757189480377185
4,SAND,2023-12-05,615.3075,2023-12-17,684.6575,69.35000000000002,0.11270787370542375
0,HPO,2023-01-13,104.05199999999999,2023-02-03,133.93300000000002,29.88100000000003,0.287173720831892
1,HPO,2023-02-04,140.07,2023-02-11,135.93200000000002,-4.137999999999977,-0.02954237167130704
2,HPO,2023-02-22,153.07649999999998,2023-02-26,163.918,10.841500000000025,0.07082406509163736
3,HPO,2023-04-05,148.07399999999998,2023-04-19,133.93300000000002,-14.140999999999963,-0.09549954752353529
4,HPO,2023-05-08,148.07399999999998,2023-05-25,120.93950000000001,-27.134499999999974,-0.18324959142050581
5,HPO,2023-07-28,104.05199999999999,2023-08-08,99.95,-4.10199999999999,-0.03942259639411054
6,HPO,2023-09-08,94.54724999999999,2023-09-14,84.45775,-10.089499999999987,-0.10671383884777175
7,HPO,2023-09-17,99.94995,2023-09-28,97.85105000000001,-2.098899999999986,-0.02099951025488243
8,HPO,2023-11-03,108.05399999999999,2023-11-23,117.941,9.887000000000015,0.0915005460232848
0,DOGE,2023-01-13,105.0525,2023-02-09,105.947,0.8945000000000078,0.008514790223935727
1,DOGE,2023-04-01,107.0535,2023-04-12,109.94500000000001,2.8915000000000077,0.02700985955620328
2,DOGE,2023-07-21,95.0475,2023-08-08,99.3503,4.302800000000005,0.04526999658065709
3,DOGE,2023-10-01,85.4427,2023-10-17,80.45975,-4.982950000000002,-0.05831920105521013
4,DOGE,2023-10-23,90.14504999999998,2023-11-21,97.25135,7.106300000000019,0.07883183824292093
5,DOGE,2023-12-04,124.062,2023-12-18,124.9375,0.8755000000000024,0.007056955393271126
0,STRIKE,2023-01-11,14497.244999999999,2023-02-01,16441.775,1944.5300000000025,0.13413100213178453
1,STRIKE,2023-02-04,20230.11,2023-02-22,20469.760000000002,239.65000000000146,0.011846203505566774
2,STRIKE,2023-03-25,23021.504999999997,2023-04-04,19280.355,-3741.149999999998,-0.16250675183920418
3,STRIKE,2023-07-11,15817.904999999999,2023-08-16,14252.87,-1565.034999999998,-0.09894072571557347
4,STRIKE,2023-10-02,14737.365,2023-10-11,13943.025000000001,-794.3399999999983,-0.05389973037920947
5,STRIKE,2023-10-22,15497.744999999999,2023-11-19,18800.595,3302.850000000002,0.21311810202064896
0,PUNDIX,2023-01-13,483.2415,2023-02-10,613.693,130.4515,0.26995094585212576
1,PUNDIX,2023-02-19,672.336,2023-03-03,625.687,-46.649,-0.06938346303038957
2,PUNDIX,2023-04-05,676.338,2023-04-19,625.687,-50.650999999999954,-0.07489006975802033
3,PUNDIX,2023-07-15,553.2764999999999,2023-07-26,507.74600000000004,-45.530499999999904,-0.08229248847547277
4,PUNDIX,2023-08-14,532.266,2023-08-15,505.747,-26.51899999999995,-0.04982283294442995
5,PUNDIX,2023-09-15,472.236,2023-11-16,690.6545,218.4185,0.46251979942232274
0,AXS,2023-01-12,9974.984999999999,2023-01-31,13713.140000000001,3738.1550000000025,0.3747529444906436
1,AXS,2023-04-16,12086.039999999999,2023-04-22,10794.6,-1291.4399999999987,-0.10685385783929217
2,AXS,2023-07-01,8649.3225,2023-07-05,7906.045,-743.2775000000001,-0.08593476541081688
3,AXS,2023-10-23,6243.12,2023-11-15,8575.710000000001,2332.590000000001,0.37362568715642197
4,AXS,2023-11-26,9009.502499999999,2023-12-14,10114.94,1105.4375000000018,0.12269684147376639
0,STX,2023-01-13,318.159,2023-02-05,377.81100000000004,59.652000000000044,0.18749116008033734
1,STX,2023-02-15,439.2195,2023-03-05,1004.4975000000001,565.278,1.2870056998835435
2,STX,2023-03-17,1550.7749999999999,2023-03-26,1329.335,-221.43999999999983,-0.14279311956924753
3,STX,2023-06-20,981.4905,2023-07-01,930.5345000000001,-50.955999999999904,-0.05191695691399958
4,STX,2023-10-01,692.346,2023-10-12,667.666,-24.67999999999995,-0.035646916426179905
5,STX,2023-10-16,737.3684999999999,2023-11-04,871.5640000000001,134.19550000000015,0.18199245017925253
6,STX,2023-11-28,966.483,2023-12-16,1379.3100000000002,412.8270000000002,0.42714357107160733
7,STX,2023-12-20,1985.9924999999998,2023-12-31,2013.9925,28.000000000000227,0.014098744078842306
0,XEC,2023-01-12,0.034117049999999996,2023-02-05,0.0463768,0.012259750000000007,0.3593437885162993
1,XEC,2023-02-21,0.050425199999999996,2023-03-13,0.040279850000000006,-0.01014534999999999,-0.20119602896964198
2,XEC,2023-06-30,0.0538269,2023-07-11,0.043178400000000006,-0.010648499999999991,-0.19782859499618205
3,XEC,2023-09-18,0.034017,2023-10-10,0.03208395,-0.0019330499999999987,-0.05682599876532318
4,XEC,2023-10-20,0.03711855,2023-11-03,0.038280850000000005,0.001162300000000005,0.03131318437816146
5,XEC,2023-11-08,0.041820899999999994,2023-11-16,0.040279850000000006,-0.0015410499999999883,-0.03684880048014243
6,XEC,2023-12-04,0.042621299999999994,2023-12-19,0.0433783,0.0007570000000000077,0.01776107251538568
0,SOL,2023-01-09,20460.225,2023-01-26,30574.705,10114.480000000003,0.4943484248096003
1,SOL,2023-02-20,33766.875,2023-02-25,29635.175000000003,-4131.699999999997,-0.12235956096026053
2,SOL,2023-04-11,30485.234999999997,2023-04-22,29135.425000000003,-1349.809999999994,-0.04427750023904996
3,SOL,2023-06-29,24022.004999999997,2023-07-24,30354.815000000002,6332.810000000005,0.26362537182054563
4,SOL,2023-09-30,28954.469999999998,2023-10-13,30054.965,1100.4950000000026,0.03800777565605596
5,SOL,2023-10-19,33886.935,2023-11-19,81449.255,47562.32000000001,1.4035592183241126
6,SOL,2023-12-07,92886.42,2023-12-31,137331.30000000002,44444.88000000002,0.47848630617909504
0,MATIC,2023-01-11,1115.5575,2023-01-25,1239.38,123.82250000000022,0.11099607147099116
1,MATIC,2023-01-26,1420.7099999999998,2023-02-14,1629.1850000000002,208.47500000000036,0.14674001027655215
2,MATIC,2023-02-16,1775.8874999999998,2023-02-22,1829.085,53.19750000000022,0.02995544481280499
3,MATIC,2023-04-15,1535.7675,2023-05-22,1164.4175,-371.3499999999999,-0.24180092364241326
4,MATIC,2023-07-03,945.4725,2023-07-24,945.527,0.05450000000007549,5.764313610398556e-05
5,MATIC,2023-10-01,769.3845,2023-10-11,702.6485,-66.73599999999999,-0.08673946511789618
6,MATIC,2023-10-22,818.409,2023-11-18,1119.44,301.03100000000006,0.36782464513464547
7,MATIC,2023-12-08,1235.6174999999998,2023-12-15,1164.4175,-71.19999999999982,-0.057623010357169456
0,AAVE,2023-01-09,77118.54,2023-01-30,101949.0,24830.460000000006,0.32197782789975027
1,AAVE,2023-05-28,91855.905,2023-06-23,75852.05500000001,-16003.849999999991,-0.17422777555781516
2,AAVE,2023-06-25,91235.595,2023-07-18,92683.63500000001,1448.0400000000081,0.015871437019729068
3,AAVE,2023-09-18,81340.65,2023-10-09,86056.95000000001,4716.3000000000175,0.057982079071165746
4,AAVE,2023-10-21,94617.28499999999,2023-11-17,119690.125,25072.84000000001,0.264992173470207
0,1INCH,2023-02-04,733.3665,2023-02-05,708.6455000000001,-24.72099999999989,-0.03370892998248473
1,1INCH,2023-02-20,788.394,2023-02-28,765.6170000000001,-22.77699999999993,-0.028890377146452064
2,1INCH,2023-03-30,750.375,2023-04-19,679.6600000000001,-70.71499999999992,-0.09423954689321995
3,1INCH,2023-07-15,478.239,2023-08-01,416.79150000000004,-61.447499999999934,-0.12848701172426327
4,1INCH,2023-10-22,363.18149999999997,2023-11-18,469.76500000000004,106.58350000000007,0.2934717214395559
5,1INCH,2023-12-05,512.256,2023-12-13,515.7420000000001,3.4860000000001037,0.006805191154422991
0,ALGO,2023-02-07,355.17749999999995,2023-02-25,335.832,-19.34549999999996,-0.054467132630867554
1,ALGO,2023-03-29,312.156,2023-04-07,290.85450000000003,-21.301499999999976,-0.06823991850228724
2,ALGO,2023-08-12,155.0775,2023-09-05,127.936,-27.14149999999998,-0.1750189421418322
3,ALGO,2023-09-22,138.069,2023-10-04,133.93300000000002,-4.135999999999967,-0.02995603647451613
4,ALGO,2023-10-29,144.072,2023-11-19,187.906,43.834,0.30425065245155203
5,ALGO,2023-12-02,197.0985,2023-12-18,265.867,68.76850000000002,0.3489042280890013
0,AVAX,2023-01-11,19999.995,2023-02-09,23148.420000000002,3148.425000000003,0.15742128935532249
1,AVAX,2023-04-13,24732.359999999997,2023-04-23,22488.75,-2243.609999999997,-0.09071556454782306
2,AVAX,2023-07-14,18889.44,2023-07-23,17551.22,-1338.2199999999975,-0.07084487417308283
3,AVAX,2023-10-01,13156.574999999999,2023-10-13,12573.710000000001,-582.864999999998,-0.044302183509005805
4,AVAX,2023-10-26,14937.464999999998,2023-11-24,28025.980000000003,13088.515000000005,0.8762206304751179
5,AVAX,2023-12-05,33536.759999999995,2023-12-19,54352.810000000005,20816.05000000001,0.6206935315158654
0,T,2023-01-10,23.11155,2023-02-05,56.17190000000001,33.06035000000001,1.430468748309828
1,T,2023-03-02,61.430699999999995,2023-03-08,45.677150000000005,-15.75354999999999,-0.2564442534433108
2,T,2023-06-23,35.217600000000004,2023-07-30,31.484250000000003,-3.7333500000000015,-0.10600807550770072
3,T,2023-10-06,26.31315,2023-10-21,27.68615,1.373000000000001,0.05217923357712783
4,T,2023-11-01,34.2171,2023-11-16,32.3838,-1.8333000000000013,-0.0535784739209343
5,T,2023-12-04,36.4182,2023-12-13,34.48275,-1.935449999999996,-0.05314513073133752
0,CELO,2023-01-10,708.3539999999999,2023-02-05,966.5165000000001,258.16250000000014,0.36445407239882904
1,CELO,2023-02-20,1170.585,2023-02-24,1044.4775,-126.10750000000007,-0.10773032287275172
2,CELO,2023-03-29,957.4784999999999,2023-04-19,855.572,-101.90649999999994,-0.10643215487345141
3,CELO,2023-07-02,719.3594999999999,2023-07-12,640.6795000000001,-78.67999999999984,-0.10937507602248923
4,CELO,2023-08-11,700.3499999999999,2023-08-15,635.682,-64.66799999999989,-0.09233668879845777
5,CELO,2023-09-19,615.3075,2023-10-06,599.7,-15.607499999999959,-0.02536536609743902
6,CELO,2023-10-23,614.307,2023-11-09,728.6355000000001,114.32850000000008,0.18610971387270547
7,CELO,2023-12-04,786.3929999999999,2023-12-15,783.6080000000001,-2.7849999999998545,-0.003541486254328122
0,GMT,2023-01-12,436.21799999999996,2023-02-05,671.664,235.44600000000003,0.5397438895231285
1,GMT,2023-07-17,365.1825,2023-07-27,273.863,-91.3195,-0.2500653782697692
2,GMT,2023-10-01,223.11149999999998,2023-10-13,197.901,-25.210499999999968,-0.11299507197074095
3,GMT,2023-10-23,217.1085,2023-11-18,339.83000000000004,122.72150000000005,0.5652542392398273
4,GMT,2023-11-25,464.23199999999997,2023-11-30,351.824,-112.40799999999996,-0.24213755191369826
0,APT,2023-01-09,6593.295,2023-02-05,19460.265,12866.97,1.951523479534891
1,APT,2023-04-13,16238.115,2023-04-21,13543.225,-2694.8899999999994,-0.16596076576622346
2,APT,2023-06-02,11985.99,2023-06-05,10794.6,-1191.3899999999994,-0.09939854780456178
3,APT,2023-10-01,7663.83,2023-10-09,6761.6175,-902.2124999999996,-0.11772344898047056
4,APT,2023-10-21,7488.742499999999,2023-11-11,10234.880000000001,2746.1375000000016,0.36670208649850117
5,APT,2023-12-04,10515.255,2023-12-17,11014.49,499.2350000000006,0.0474772128683518
0,SHIB,2023-04-03,0.01490745,2023-04-14,0.01469265,-0.00021479999999999937,-0.014408902931084752
1,SHIB,2023-04-15,0.0152076,2023-04-19,0.0143928,-0.0008147999999999992,-0.05357847392093422
2,SHIB,2023-07-28,0.0106053,2023-08-17,0.0111944,0.0005891000000000004,0.05554769784918865
3,SHIB,2023-10-01,0.0102051,2023-10-21,0.0095952,-0.0006099,-0.05976423552929418
4,SHIB,2023-10-25,0.0106053,2023-11-21,0.01049475,-0.00011054999999999919,-0.010424033266385599
5,SHIB,2023-12-03,0.012106049999999998,2023-12-22,0.01469265,0.0025866000000000014,0.21366176415924285
0,ARB,2023-07-15,1635.8174999999999,2023-07-25,1519.24,-116.57749999999987,-0.07126559044636696
1,ARB,2023-10-25,1245.6225,2023-11-17,1409.295,163.67250000000013,0.1313981563435151
2,ARB,2023-12-07,1610.8049999999998,2023-12-18,1504.2475000000002,-106.55749999999966,-0.06615170675531779
0,EGLD,2023-10-21,35027.505,2023-11-21,53873.05,18845.545000000006,0.5380213349480646
1,EGLD,2023-12-03,66773.37,2023-12-17,83758.1,16984.73000000001,0.25436382797513457
0,SUI,2023-07-18,946.473,2023-07-24,827.586,-118.88699999999994,-0.12561055624407663
1,SUI,2023-09-29,649.3245,2023-10-04,598.7005,-50.62399999999991,-0.07796409961429134
2,SUI,2023-10-28,645.3225,2023-11-19,750.6245,105.30200000000002,0.1631773260656494
3,SUI,2023-11-25,877.4385,2023-12-13,900.5495000000001,23.111000000000104,0.02633916793028811
0,GRT,2023-10-23,121.06049999999999,2023-11-15,178.9105,57.85000000000002,0.47786024343200323
1,GRT,2023-11-24,207.1035,2023-12-16,222.88850000000002,15.785000000000025,0.07621792968250186
