,market,candle_date_time_utc,candle_date_time_kst,opening_price,high_price,low_price,trade_price,timestamp,candle_acc_trade_price,candle_acc_trade_volume,prev_closing_price,change_price,change_rate
0,KRW-ETH,2021-12-05T00:00:00,2021-12-05T09:00:00,5198000.0,5360000.0,5039000.0,5259000.0,1638748797858,531404756594.43036,101824.30125362,5198000.0,61000.0,0.0117352828
1,KRW-ETH,2021-12-06T00:00:00,2021-12-06T09:00:00,5257000.0,5420000.0,4918000.0,5388000.0,1638835200132,587131435329.5885,114692.35047943,5259000.0,129000.0,0.0245293782
2,KRW-ETH,2021-12-07T00:00:00,2021-12-07T09:00:00,5384000.0,5486000.0,5308000.0,5379000.0,1638921597478,352008051683.43005,65179.87858431,5388000.0,-9000.0,-0.0016703786
3,KRW-ETH,2021-12-08T00:00:00,2021-12-08T09:00:00,5381000.0,5490000.0,5247000.0,5462000.0,1639007999743,312250202857.1074,57978.69986535,5379000.0,83000.0,0.0154303774
4,KRW-ETH,2021-12-09T00:00:00,2021-12-09T09:00:00,5462000.0,5500000.0,5103000.0,5128000.0,1639094399947,294081241472.9208,55425.49227787,5462000.0,-334000.0,-0.061149762
5,KRW-ETH,2021-12-10T00:00:00,2021-12-10T09:00:00,5128000.0,5250000.0,4939000.0,4955000.0,1639180800139,398635536697.1041,78341.30249972,5128000.0,-173000.0,-0.0337363495
6,KRW-ETH,2021-12-11T00:00:00,2021-12-11T09:00:00,4955000.0,5100000.0,4886000.0,5089000.0,1639267200067,226145630910.6432,45145.83484402,4955000.0,134000.0,0.0270433905
7,KRW-ETH,2021-12-12T00:00:00,2021-12-12T09:00:00,5089000.0,5175000.0,5000000.0,5119000.0,1639353599819,167724274770.89297,33114.48254025,5089000.0,30000.0,0.0058950678
8,KRW-ETH,2021-12-13T00:00:00,2021-12-13T09:00:00,5120000.0,5135000.0,4662000.0,4747000.0,1639439999900,447505459814.25494,91931.84106488,5119000.0,-372000.0,-0.0726704434
9,KRW-ETH,2021-12-14T00:00:00,2021-12-14T09:00:00,4748000.0,4825000.0,4566000.0,4781000.0,1639526399132,376651893380.551,79947.03179446,4747000.0,34000.0,0.0071624184
10,KRW-ETH,2021-12-15T00:00:00,2021-12-15T09:00:00,4780000.0,5141000.0,4551000.0,5037000.0,1639612800041,437525893304.8085,90285.06223422,4781000.0,256000.0,0.0535452834
11,KRW-ETH,2021-12-16T00:00:00,2021-12-16T09:00:00,5038000.0,5120000.0,4954000.0,4965000.0,1639699199708,267554027673.66498,53165.96323269,5037000.0,-72000.0,-0.0142942228
12,KRW-ETH,2021-12-17T00:00:00,2021-12-17T09:00:00,4965000.0,4999000.0,4676000.0,4872000.0,1639785599131,335791783208.3432,69380.8533428,4965000.0,-93000.0,-0.0187311178
13,KRW-ETH,2021-12-18T00:00:00,2021-12-18T09:00:00,4869000.0,4964000.0,4734000.0,4933000.0,1639871999370,179911471864.84314,36916.42819397,4872000.0,61000.0,0.0125205255
14,KRW-ETH,2021-12-19T00:00:00,2021-12-19T09:00:00,4932000.0,4999000.0,4865000.0,4899000.0,1639958399598,172399557777.89304,35030.38237327,4933000.0,-34000.0,-0.0068923576
15,KRW-ETH,2021-12-20T00:00:00,2021-12-20T09:00:00,4899000.0,4947000.0,4700000.0,4866000.0,1640044799939,255754689727.83612,53342.44206669,4899000.0,-33000.0,-0.0067360686
16,KRW-ETH,2021-12-21T00:00:00,2021-12-21T09:00:00,4866000.0,4996000.0,4818000.0,4936000.0,1640131199860,239450815721.82962,48674.2670212,4866000.0,70000.0,0.0143855323
17,KRW-ETH,2021-12-22T00:00:00,2021-12-22T09:00:00,4937000.0,4990000.0,4850000.0,4893000.0,1640217598269,183801200817.07352,37319.31737659,4936000.0,-43000.0,-0.0087115073
18,KRW-ETH,2021-12-23T00:00:00,2021-12-23T09:00:00,4893000.0,5010000.0,4802000.0,4971000.0,1640304000065,253148731225.16714,51755.71477436,4893000.0,78000.0,0.0159411404
19,KRW-ETH,2021-12-24T00:00:00,2021-12-24T09:00:00,4971000.0,5025000.0,4913000.0,4937000.0,1640390399720,199532555550.88364,40049.96474363,4971000.0,-34000.0,-0.0068396701
20,KRW-ETH,2021-12-25T00:00:00,2021-12-25T09:00:00,4937000.0,4994000.0,4894000.0,4954000.0,1640476799386,118703904022.24226,24017.01141226,4937000.0,17000.0,0.0034433867
21,KRW-ETH,2021-12-26T00:00:00,2021-12-26T09:00:00,4954000.0,4979000.0,4890000.0,4917000.0,1640563199371,110686382182.91162,22468.34968176,4954000.0,-37000.0,-0.0074687122
22,KRW-ETH,2021-12-27T00:00:00,2021-12-27T09:00:00,4917000.0,4957000.0,4864000.0,4896000.0,1640649598049,130793474415.23866,26616.36273442,4917000.0,-21000.0,-0.0042708969
23,KRW-ETH,2021-12-28T00:00:00,2021-12-28T09:00:00,4896000.0,4899000.0,4630000.0,4650000.0,1640735997968,226682654962.46594,47598.61032631,4896000.0,-246000.0,-0.050245098
24,KRW-ETH,2021-12-29T00:00:00,2021-12-29T09:00:00,4650000.0,4682000.0,4423000.0,4456000.0,1640822399715,206638930993.19547,45101.86807459,4650000.0,-194000.0,-0.0417204301
25,KRW-ETH,2021-12-30T00:00:00,2021-12-30T09:00:00,4457000.0,4578000.0,4402000.0,4506000.0,1640908798584,160542691334.32092,35708.67476671,4456000.0,50000.0,0.0112208259
26,KRW-ETH,2021-12-31T00:00:00,2021-12-31T09:00:00,4505000.0,4628000.0,4461000.0,4505000.0,1640995199448,136926663616.63087,30082.00153897,4506000.0,-1000.0,-0.0002219263
27,KRW-ETH,2022-01-01T00:00:00,2022-01-01T09:00:00,4505000.0,4599000.0,4504000.0,4577000.0,1641081599800,80280456174.97699,17660.11399252,4505000.0,72000.0,0.015982242
28,KRW-ETH,2022-01-02T00:00:00,2022-01-02T09:00:00,4577000.0,4681000.0,4541000.0,4652000.0,1641167999064,82064170253.96738,17866.26362148,4577000.0,75000.0,0.0163862792
29,KRW-ETH,2022-01-03T00:00:00,2022-01-03T09:00:00,4651000.0,4677000.0,4513000.0,4591000.0,1641254400128,115708750070.13058,25092.11311102,4652000.0,-61000.0,-0.0131126397
30,KRW-ETH,2022-01-04T00:00:00,2022-01-04T09:00:00,4591000.0,4743000.0,4516000.0,4619000.0,1641340796722,136950069110.25677,29575.94121495,4591000.0,28000.0,0.0060988891
31,KRW-ETH,2022-01-05T00:00:00,2022-01-05T09:00:00,4619000.0,4672000.0,4240000.0,4382000.0,1641427199875,218993948792.92917,48802.18806316,4619000.0,-237000.0,-0.0513098073
32,KRW-ETH,2022-01-06T00:00:00,2022-01-06T09:00:00,4382000.0,4408000.0,4094000.0,4212000.0,1641513599797,274750212400.4113,65073.35158243,4382000.0,-170000.0,-0.0387950707
33,KRW-ETH,2022-01-07T00:00:00,2022-01-07T09:00:00,4212000.0,4222000.0,3850000.0,3955000.0,1641599999756,372664159339.54175,93597.55268905,4212000.0,-257000.0,-0.0610161443
34,KRW-ETH,2022-01-08T00:00:00,2022-01-08T09:00:00,3956000.0,4009000.0,3766000.0,3860000.0,1641686398996,218185653876.883,56103.74625239,3955000.0,-95000.0,-0.0240202276
35,KRW-ETH,2022-01-09T00:00:00,2022-01-09T09:00:00,3859000.0,3953000.0,3803000.0,3886000.0,1641772797572,127559508348.72668,32896.5601913,3860000.0,26000.0,0.0067357513
36,KRW-ETH,2022-01-10T00:00:00,2022-01-10T09:00:00,3886000.0,3919000.0,3610000.0,3780000.0,1641859199599,274651654425.7455,73195.50144802,3886000.0,-106000.0,-0.0272774061
37,KRW-ETH,2022-01-11T00:00:00,2022-01-11T09:00:00,3781000.0,3978000.0,3727000.0,3965000.0,1641945600086,214232366219.36185,55654.95136052,3780000.0,185000.0,0.0489417989
38,KRW-ETH,2022-01-12T00:00:00,2022-01-12T09:00:00,3965000.0,4144000.0,3921000.0,4092000.0,1642032000192,190387598398.24484,47291.24124517,3965000.0,127000.0,0.0320302648
39,KRW-ETH,2022-01-13T00:00:00,2022-01-13T09:00:00,4092000.0,4143000.0,3940000.0,3946000.0,1642118399416,156194495550.72705,38600.59591717,4092000.0,-146000.0,-0.0356793744
40,KRW-ETH,2022-01-14T00:00:00,2022-01-14T09:00:00,3947000.0,4056000.0,3895000.0,4011000.0,1642204800004,122067486853.21088,30750.07027076,3946000.0,65000.0,0.0164723771
41,KRW-ETH,2022-01-15T00:00:00,2022-01-15T09:00:00,4012000.0,4082000.0,3975000.0,4037000.0,1642291197975,68630103142.41846,17033.09353903,4011000.0,26000.0,0.006482174
42,KRW-ETH,2022-01-16T00:00:00,2022-01-16T09:00:00,4037000.0,4100000.0,3990000.0,4047000.0,1642377599700,72977433217.40543,18065.98309858,4037000.0,10000.0,0.0024770869
43,KRW-ETH,2022-01-17T00:00:00,2022-01-17T09:00:00,4049000.0,4062000.0,3838000.0,3917000.0,1642464000052,108322794278.55981,27376.0171205,4047000.0,-130000.0,-0.0321225599
44,KRW-ETH,2022-01-18T00:00:00,2022-01-18T09:00:00,3917000.0,3939000.0,3750000.0,3821000.0,1642550399368,116678297425.8401,30446.39056344,3917000.0,-96000.0,-0.0245085525
45,KRW-ETH,2022-01-19T00:00:00,2022-01-19T09:00:00,3821000.0,3842000.0,3688000.0,3720000.0,1642636802720,113953499378.775,30321.86844904,3821000.0,-101000.0,-0.026432871
46,KRW-ETH,2022-01-20T00:00:00,2022-01-20T09:00:00,3725000.0,3935000.0,3644000.0,3660000.0,1642723200064,151834231759.27908,40113.6227371,3725000.0,-65000.0,-0.0174496644
47,KRW-ETH,2022-01-21T00:00:00,2022-01-21T09:00:00,3660000.0,3692000.0,3098000.0,3196000.0,1642809600176,426709244589.57886,125351.41975165,3660000.0,-464000.0,-0.1267759563
48,KRW-ETH,2022-01-22T00:00:00,2022-01-22T09:00:00,3197000.0,3244000.0,2886000.0,2987000.0,1642895999874,453478133769.0801,148898.03976371,3196000.0,-209000.0,-0.0653942428
49,KRW-ETH,2022-01-23T00:00:00,2022-01-23T09:00:00,2988000.0,3130000.0,2930000.0,3097000.0,1642982397548,210160724336.96478,69286.35272975,2987000.0,110000.0,0.0368262471
50,KRW-ETH,2022-01-24T00:00:00,2022-01-24T09:00:00,3100000.0,3101000.0,2672000.0,2980000.0,1643068800200,522767948650.5325,183862.16762787,3097000.0,-117000.0,-0.0377784953
51,KRW-ETH,2022-01-25T00:00:00,2022-01-25T09:00:00,2980000.0,3044000.0,2860000.0,2986000.0,1643155199512,254167276469.5026,86202.77205434,2980000.0,6000.0,0.0020134228
52,KRW-ETH,2022-01-26T00:00:00,2022-01-26T09:00:00,2987000.0,3318000.0,2944000.0,3017000.0,1643241600092,480520994619.42725,154884.87661006,2986000.0,31000.0,0.0103817816
53,KRW-ETH,2022-01-27T00:00:00,2022-01-27T09:00:00,3016000.0,3093000.0,2884000.0,2987000.0,1643328000255,321600946482.8601,107811.16720991,3017000.0,-30000.0,-0.0099436526
54,KRW-ETH,2022-01-28T00:00:00,2022-01-28T09:00:00,2989000.0,3158000.0,2931000.0,3139000.0,1643414400339,262664365463.8354,87197.50029696,2987000.0,152000.0,0.0508871778
55,KRW-ETH,2022-01-29T00:00:00,2022-01-29T09:00:00,3139000.0,3249000.0,3121000.0,3217000.0,1643500799925,215973892287.4941,68155.74949735,3139000.0,78000.0,0.0248486779
56,KRW-ETH,2022-01-30T00:00:00,2022-01-30T09:00:00,3218000.0,3278000.0,3165000.0,3243000.0,1643587199478,137306271507.63676,42594.33578366,3217000.0,26000.0,0.008082064
57,KRW-ETH,2022-01-31T00:00:00,2022-01-31T09:00:00,3241000.0,3330000.0,3080000.0,3301000.0,1643673599551,180499880511.92792,56375.81855823,3243000.0,58000.0,0.0178846747
58,KRW-ETH,2022-02-01T00:00:00,2022-02-01T09:00:00,3301000.0,3457000.0,3290000.0,3440000.0,1643759999469,176423501970.77878,51964.70016778,3301000.0,139000.0,0.042108452
59,KRW-ETH,2022-02-02T00:00:00,2022-02-02T09:00:00,3440000.0,3459000.0,3255000.0,3303000.0,1643846400111,215041812476.35135,63925.04833746,3440000.0,-137000.0,-0.0398255814
60,KRW-ETH,2022-02-03T00:00:00,2022-02-03T09:00:00,3300000.0,3368000.0,3184000.0,3308000.0,1643932799575,177574843051.52408,54440.06189202,3303000.0,5000.0,0.0015137754
61,KRW-ETH,2022-02-04T00:00:00,2022-02-04T09:00:00,3307000.0,3654000.0,3280000.0,3650000.0,1644019200055,324433068312.7668,93357.01729261,3308000.0,342000.0,0.1033857316
62,KRW-ETH,2022-02-05T00:00:00,2022-02-05T09:00:00,3651000.0,3759000.0,3613000.0,3695000.0,1644105597410,234372047716.52576,63702.12950414,3650000.0,45000.0,0.0123287671
63,KRW-ETH,2022-02-06T00:00:00,2022-02-06T09:00:00,3697000.0,3753000.0,3610000.0,3733000.0,1644191997331,169875741804.7713,46035.86645817,3695000.0,38000.0,0.0102841678
64,KRW-ETH,2022-02-07T00:00:00,2022-02-07T09:00:00,3733000.0,3880000.0,3670000.0,3830000.0,1644278399762,237992122737.6449,63054.5463089,3733000.0,97000.0,0.0259844629
65,KRW-ETH,2022-02-08T00:00:00,2022-02-08T09:00:00,3828000.0,3934000.0,3693000.0,3801000.0,1644364799031,290004025020.64594,76304.13924537,3830000.0,-29000.0,-0.0075718016
66,KRW-ETH,2022-02-09T00:00:00,2022-02-09T09:00:00,3801000.0,3944000.0,3722000.0,3916000.0,1644451199747,153630183448.02805,40165.23919525,3801000.0,115000.0,0.030255196
67,KRW-ETH,2022-02-10T00:00:00,2022-02-10T09:00:00,3917000.0,3956000.0,3741000.0,3754000.0,1644537598215,300580661371.73676,77904.66846625,3916000.0,-162000.0,-0.0413687436
68,KRW-ETH,2022-02-11T00:00:00,2022-02-11T09:00:00,3752000.0,3804000.0,3510000.0,3578000.0,1644623999111,233143894230.696,63212.77979229,3754000.0,-176000.0,-0.0468833245
69,KRW-ETH,2022-02-12T00:00:00,2022-02-12T09:00:00,3582000.0,3630000.0,3490000.0,3565000.0,1644710396896,168526786647.80826,47259.82847851,3578000.0,-13000.0,-0.0036333147
70,KRW-ETH,2022-02-13T00:00:00,2022-02-13T09:00:00,3567000.0,3609000.0,3503000.0,3519000.0,1644796799260,90949768410.69162,25522.19160474,3565000.0,-46000.0,-0.0129032258
71,KRW-ETH,2022-02-14T00:00:00,2022-02-14T09:00:00,3519000.0,3605000.0,3458000.0,3553000.0,1644883199667,149616288812.71115,42478.6819087,3519000.0,34000.0,0.0096618357
72,KRW-ETH,2022-02-15T00:00:00,2022-02-15T09:00:00,3553000.0,3859000.0,3536000.0,3847000.0,1644969599543,193771414573.97656,52135.85630429,3553000.0,294000.0,0.0827469744
73,KRW-ETH,2022-02-16T00:00:00,2022-02-16T09:00:00,3847000.0,3858000.0,3710000.0,3793000.0,1645055998468,174922696286.3192,46109.7965995,3847000.0,-54000.0,-0.0140369119
74,KRW-ETH,2022-02-17T00:00:00,2022-02-17T09:00:00,3791000.0,3828000.0,3496000.0,3527000.0,1645142399705,263165144193.0863,71881.41186376,3793000.0,-266000.0,-0.0701291853
75,KRW-ETH,2022-02-18T00:00:00,2022-02-18T09:00:00,3527000.0,3580000.0,3372000.0,3410000.0,1645228799184,231974618110.2473,66458.08128818,3527000.0,-117000.0,-0.033172668
76,KRW-ETH,2022-02-19T00:00:00,2022-02-19T09:00:00,3410000.0,3461000.0,3291000.0,3383000.0,1645315198721,140513230736.3024,41697.56482326,3410000.0,-27000.0,-0.0079178886
77,KRW-ETH,2022-02-20T00:00:00,2022-02-20T09:00:00,3383000.0,3383000.0,3166000.0,3218000.0,1645401597962,184000675861.44193,56692.22005006,3383000.0,-165000.0,-0.0487732782
78,KRW-ETH,2022-02-21T00:00:00,2022-02-21T09:00:00,3219000.0,3357000.0,3128000.0,3149000.0,1645487999791,289538928195.02234,88888.68086172,3218000.0,-69000.0,-0.0214418894
79,KRW-ETH,2022-02-22T00:00:00,2022-02-22T09:00:00,3149000.0,3246000.0,3066000.0,3209000.0,1645574400065,234050844724.40714,74273.55852501,3149000.0,60000.0,0.0190536678
80,KRW-ETH,2022-02-23T00:00:00,2022-02-23T09:00:00,3209000.0,3352000.0,3150000.0,3154000.0,1645660799990,201245256452.72794,62008.14153107,3209000.0,-55000.0,-0.0171392957
81,KRW-ETH,2022-02-24T00:00:00,2022-02-24T09:00:00,3155000.0,3318000.0,2860000.0,3184000.0,1645747200047,498896271013.6363,165160.64730522,3154000.0,30000.0,0.0095117311
82,KRW-ETH,2022-02-25T00:00:00,2022-02-25T09:00:00,3185000.0,3452000.0,3151000.0,3376000.0,1645833599909,267610331354.92822,82006.48009629,3184000.0,192000.0,0.0603015075
83,KRW-ETH,2022-02-26T00:00:00,2022-02-26T09:00:00,3373000.0,3499000.0,3340000.0,3402000.0,1645920000104,185628570667.23386,54513.02520941,3376000.0,26000.0,0.0077014218
84,KRW-ETH,2022-02-27T00:00:00,2022-02-27T09:00:00,3403000.0,3454000.0,3158000.0,3217000.0,1646006399659,292365546391.07306,88005.61635412,3402000.0,-185000.0,-0.0543797766
85,KRW-ETH,2022-02-28T00:00:00,2022-02-28T09:00:00,3217000.0,3548000.0,3163000.0,3534000.0,1646092799179,366129838738.6108,110013.72098857,3217000.0,317000.0,0.0985390115
86,KRW-ETH,2022-03-01T00:00:00,2022-03-01T09:00:00,3534000.0,3678000.0,3473000.0,3605000.0,1646179199550,356786387690.92175,99849.56779748,3534000.0,71000.0,0.020090549
87,KRW-ETH,2022-03-02T00:00:00,2022-03-02T09:00:00,3605000.0,3673000.0,3541000.0,3587000.0,1646265600071,256465656765.47073,71023.67883474,3605000.0,-18000.0,-0.0049930652
88,KRW-ETH,2022-03-03T00:00:00,2022-03-03T09:00:00,3587000.0,3612000.0,3415000.0,3460000.0,1646351999712,212926176063.0734,60602.47499213,3587000.0,-127000.0,-0.0354056314
89,KRW-ETH,2022-03-04T00:00:00,2022-03-04T09:00:00,3460000.0,3465000.0,3204000.0,3247000.0,1646438399957,231612320898.92032,69744.31428106,3460000.0,-213000.0,-0.0615606936
90,KRW-ETH,2022-03-05T00:00:00,2022-03-05T09:00:00,3247000.0,3310000.0,3210000.0,3290000.0,1646524792960,110955465853.63278,34010.56847448,3247000.0,43000.0,0.0132429935
91,KRW-ETH,2022-03-06T00:00:00,2022-03-06T09:00:00,3290000.0,3307000.0,3163000.0,3177000.0,1646611198498,106890771172.42073,32930.15642305,3290000.0,-113000.0,-0.0343465046
92,KRW-ETH,2022-03-07T00:00:00,2022-03-07T09:00:00,3177000.0,3278000.0,3063000.0,3105000.0,1646697599197,210835931961.5965,66629.01255852,3177000.0,-72000.0,-0.0226628895
93,KRW-ETH,2022-03-08T00:00:00,2022-03-08T09:00:00,3108000.0,3260000.0,3099000.0,3203000.0,1646783999026,151175788094.8742,47433.94052758,3105000.0,98000.0,0.0315619968
94,KRW-ETH,2022-03-09T00:00:00,2022-03-09T09:00:00,3207000.0,3417000.0,3200000.0,3355000.0,1646870399619,243172845750.28616,72614.18726011,3203000.0,152000.0,0.0474555105
95,KRW-ETH,2022-03-10T00:00:00,2022-03-10T09:00:00,3355000.0,3367000.0,3186000.0,3233000.0,1646956796573,182747914965.30084,56239.67319363,3355000.0,-122000.0,-0.0363636364
96,KRW-ETH,2022-03-11T00:00:00,2022-03-11T09:00:00,3235000.0,3325000.0,3155000.0,3193000.0,1647043199422,158773941843.87628,49198.13050214,3233000.0,-40000.0,-0.0123724095
97,KRW-ETH,2022-03-12T00:00:00,2022-03-12T09:00:00,3193000.0,3251000.0,3190000.0,3210000.0,1647129598040,70154627051.1325,21787.82842157,3193000.0,17000.0,0.0053241466
98,KRW-ETH,2022-03-13T00:00:00,2022-03-13T09:00:00,3207000.0,3241000.0,3135000.0,3154000.0,1647215999147,92001125221.55122,28798.84373267,3210000.0,-56000.0,-0.0174454829
99,KRW-ETH,2022-03-14T00:00:00,2022-03-14T09:00:00,3154000.0,3245000.0,3134000.0,3210000.0,1647302397231,127528302108.98364,39914.06359074,3154000.0,56000.0,0.0177552315
100,KRW-ETH,2022-03-15T00:00:00,2022-03-15T09:00:00,3211000.0,3291000.0,3144000.0,3235000.0,1647388798261,126568306321.11546,39597.05525928,3210000.0,25000.0,0.007788162
101,KRW-ETH,2022-03-16T00:00:00,2022-03-16T09:00:00,3236000.0,3426000.0,3221000.0,3396000.0,1647475199363,231232664921.51593,69660.86794033,3235000.0,161000.0,0.0497681607
102,KRW-ETH,2022-03-17T00:00:00,2022-03-17T09:00:00,3396000.0,3463000.0,3360000.0,3440000.0,1647561597738,125530163693.73878,36843.21317396,3396000.0,44000.0,0.0129564193
103,KRW-ETH,2022-03-18T00:00:00,2022-03-18T09:00:00,3436000.0,3618000.0,3386000.0,3575000.0,1647647997728,178981052020.64108,51271.625161,3440000.0,135000.0,0.039244186
104,KRW-ETH,2022-03-19T00:00:00,2022-03-19T09:00:00,3575000.0,3631000.0,3524000.0,3580000.0,1647734398734,133075391240.04784,37087.05286837,3575000.0,5000.0,0.0013986014
105,KRW-ETH,2022-03-20T00:00:00,2022-03-20T09:00:00,3580000.0,3597000.0,3455000.0,3503000.0,1647820795712,130958880907.52402,37091.37202412,3580000.0,-77000.0,-0.0215083799
106,KRW-ETH,2022-03-21T00:00:00,2022-03-21T09:00:00,3504000.0,3610000.0,3470000.0,3533000.0,1647907199070,132538152305.66235,37449.33115047,3503000.0,30000.0,0.0085640879
107,KRW-ETH,2022-03-22T00:00:00,2022-03-22T09:00:00,3532000.0,3692000.0,3532000.0,3626000.0,1647993599539,192362308191.3957,52824.64437649,3533000.0,93000.0,0.026323238
108,KRW-ETH,2022-03-23T00:00:00,2022-03-23T09:00:00,3626000.0,3700000.0,3578000.0,3689000.0,1648079998270,156345895926.0959,43065.59326015,3626000.0,63000.0,0.0173745174
109,KRW-ETH,2022-03-24T00:00:00,2022-03-24T09:00:00,3688000.0,3770000.0,3650000.0,3735000.0,1648166398986,174706418801.67456,47114.65382643,3689000.0,46000.0,0.0124695039
110,KRW-ETH,2022-03-25T00:00:00,2022-03-25T09:00:00,3738000.0,3843000.0,3710000.0,3770000.0,1648252798706,148117654372.2317,39130.86488684,3735000.0,35000.0,0.0093708166
111,KRW-ETH,2022-03-26T00:00:00,2022-03-26T09:00:00,3770000.0,3816000.0,3737000.0,3810000.0,1648339199296,77593715867.82774,20494.74821835,3770000.0,40000.0,0.0106100796
112,KRW-ETH,2022-03-27T00:00:00,2022-03-27T09:00:00,3810000.0,3940000.0,3780000.0,3931000.0,1648425599394,120637677099.78406,31376.80514549,3810000.0,121000.0,0.0317585302
113,KRW-ETH,2022-03-28T00:00:00,2022-03-28T09:00:00,3931000.0,4101000.0,3905000.0,4025000.0,1648511998866,203023839277.12424,50651.35727207,3931000.0,94000.0,0.0239124905
114,KRW-ETH,2022-03-29T00:00:00,2022-03-29T09:00:00,4026000.0,4202000.0,4020000.0,4086000.0,1648598399154,231788267856.3865,56433.99849142,4025000.0,61000.0,0.0151552795
115,KRW-ETH,2022-03-30T00:00:00,2022-03-30T09:00:00,4086000.0,4116000.0,4007000.0,4066000.0,1648684799463,169837984166.8185,41753.07299914,4086000.0,-20000.0,-0.0048947626
116,KRW-ETH,2022-03-31T00:00:00,2022-03-31T09:00:00,4066000.0,4141000.0,3965000.0,3990000.0,1648771199500,177715321984.13095,43688.57812174,4066000.0,-76000.0,-0.0186915888
117,KRW-ETH,2022-04-01T00:00:00,2022-04-01T09:00:00,3990000.0,4220000.0,3926000.0,4205000.0,1648857598781,198586606924.4001,48847.2981487,3990000.0,215000.0,0.0538847118
118,KRW-ETH,2022-04-02T00:00:00,2022-04-02T09:00:00,4205000.0,4300000.0,4188000.0,4210000.0,1648943999455,149388443461.36862,35242.09886732,4205000.0,5000.0,0.0011890606
119,KRW-ETH,2022-04-03T00:00:00,2022-04-03T09:00:00,4211000.0,4348000.0,4180000.0,4300000.0,1649030399202,119391029297.79343,28025.43768065,4210000.0,90000.0,0.0213776722
120,KRW-ETH,2022-04-04T00:00:00,2022-04-04T09:00:00,4300000.0,4337000.0,4190000.0,4313000.0,1649116796159,148307388573.42432,34779.52077611,4300000.0,13000.0,0.0030232558
121,KRW-ETH,2022-04-05T00:00:00,2022-04-05T09:00:00,4309000.0,4344000.0,4209000.0,4213000.0,1649203199486,133239801859.97012,31142.12730041,4313000.0,-100000.0,-0.0231857176
122,KRW-ETH,2022-04-06T00:00:00,2022-04-06T09:00:00,4213000.0,4215000.0,3891000.0,3898000.0,1649289599469,296397301859.45416,73360.04460645,4213000.0,-315000.0,-0.0747685735
123,KRW-ETH,2022-04-07T00:00:00,2022-04-07T09:00:00,3899000.0,4050000.0,3875000.0,3995000.0,1649376000058,186092447943.1356,46952.59373046,3898000.0,97000.0,0.0248845562
124,KRW-ETH,2022-04-08T00:00:00,2022-04-08T09:00:00,3995000.0,4120000.0,3983000.0,4004000.0,1649462399722,170766363101.72488,42130.80023532,3995000.0,9000.0,0.002252816
125,KRW-ETH,2022-04-09T00:00:00,2022-04-09T09:00:00,4004000.0,4077000.0,3983000.0,4061000.0,1649548799862,75482588916.85144,18781.5411496,4004000.0,57000.0,0.0142357642
126,KRW-ETH,2022-04-10T00:00:00,2022-04-10T09:00:00,4061000.0,4110000.0,4008000.0,4016000.0,1649635199846,66122079666.73279,16300.75696583,4061000.0,-45000.0,-0.0110810145
127,KRW-ETH,2022-04-11T00:00:00,2022-04-11T09:00:00,4016000.0,4027000.0,3760000.0,3774000.0,1649721599463,269996348769.3111,69912.8622571,4016000.0,-242000.0,-0.0602589641
128,KRW-ETH,2022-04-12T00:00:00,2022-04-12T09:00:00,3774000.0,3886000.0,3713000.0,3822000.0,1649807999062,240017444346.27057,63144.91290791,3774000.0,48000.0,0.012718601
129,KRW-ETH,2022-04-13T00:00:00,2022-04-13T09:00:00,3821000.0,3929000.0,3781000.0,3912000.0,1649894398620,152039281101.7627,39485.10327985,3822000.0,90000.0,0.0235478807
130,KRW-ETH,2022-04-14T00:00:00,2022-04-14T09:00:00,3912000.0,3932000.0,3751000.0,3797000.0,1649980799490,159685630375.86835,41424.23365776,3912000.0,-115000.0,-0.029396728
131,KRW-ETH,2022-04-15T00:00:00,2022-04-15T09:00:00,3796000.0,3830000.0,3766000.0,3813000.0,1650067198906,85013215828.36325,22385.16635451,3797000.0,16000.0,0.004213853
132,KRW-ETH,2022-04-16T00:00:00,2022-04-16T09:00:00,3813000.0,3861000.0,3781000.0,3827000.0,1650153599970,54473789379.96599,14300.73188653,3813000.0,14000.0,0.0036716496
133,KRW-ETH,2022-04-17T00:00:00,2022-04-17T09:00:00,3823000.0,3845000.0,3756000.0,3766000.0,1650239999740,61860932625.41913,16250.6855719,3827000.0,-61000.0,-0.0159393781
134,KRW-ETH,2022-04-18T00:00:00,2022-04-18T09:00:00,3766000.0,3838000.0,3635000.0,3808000.0,1650326398955,159157936362.1561,42857.78374517,3766000.0,42000.0,0.0111524164
135,KRW-ETH,2022-04-19T00:00:00,2022-04-19T09:00:00,3808000.0,3879000.0,3770000.0,3845000.0,1650412795315,130765819449.80804,34143.66389879,3808000.0,37000.0,0.0097163866
136,KRW-ETH,2022-04-20T00:00:00,2022-04-20T09:00:00,3846000.0,3919000.0,3792000.0,3823000.0,1650499199834,105442875138.01099,27374.73284002,3845000.0,-22000.0,-0.0057217165
137,KRW-ETH,2022-04-21T00:00:00,2022-04-21T09:00:00,3823000.0,3925000.0,3719000.0,3751000.0,1650585599085,131807019995.14445,34359.07120923,3823000.0,-72000.0,-0.0188333769
138,KRW-ETH,2022-04-22T00:00:00,2022-04-22T09:00:00,3751000.0,3776000.0,3695000.0,3720000.0,1650671998975,96199345300.47429,25711.28886244,3751000.0,-31000.0,-0.0082644628
139,KRW-ETH,2022-04-23T00:00:00,2022-04-23T09:00:00,3720000.0,3740000.0,3671000.0,3702000.0,1650758398692,49989089445.94153,13455.52258428,3720000.0,-18000.0,-0.0048387097
140,KRW-ETH,2022-04-24T00:00:00,2022-04-24T09:00:00,3702000.0,3724000.0,3670000.0,3677000.0,1650844799963,55135258619.85614,14905.4264984,3702000.0,-25000.0,-0.0067531064
141,KRW-ETH,2022-04-25T00:00:00,2022-04-25T09:00:00,3677000.0,3798000.0,3551000.0,3765000.0,1650931199984,154908103038.55774,42520.39062027,3677000.0,88000.0,0.0239325537
142,KRW-ETH,2022-04-26T00:00:00,2022-04-26T09:00:00,3766000.0,3799000.0,3553000.0,3596000.0,1651017599685,144903248081.44562,39317.76054752,3765000.0,-169000.0,-0.0448871182
143,KRW-ETH,2022-04-27T00:00:00,2022-04-27T09:00:00,3597000.0,3702000.0,3580000.0,3677000.0,1651103997740,88548828688.10548,24282.80747333,3596000.0,81000.0,0.0225250278
144,KRW-ETH,2022-04-28T00:00:00,2022-04-28T09:00:00,3677000.0,3786000.0,3646000.0,3737000.0,1651190399654,99426527734.26614,26791.87550921,3677000.0,60000.0,0.0163176503
145,KRW-ETH,2022-04-29T00:00:00,2022-04-29T09:00:00,3737000.0,3753000.0,3603000.0,3628000.0,1651276799927,98394104872.86331,26801.56704786,3737000.0,-109000.0,-0.0291677816
146,KRW-ETH,2022-04-30T00:00:00,2022-04-30T09:00:00,3630000.0,3656000.0,3564000.0,3570000.0,1651363199707,63781250319.53114,17625.43521376,3628000.0,-58000.0,-0.0159867696
147,KRW-ETH,2022-05-01T00:00:00,2022-05-01T09:00:00,3570000.0,3650000.0,3530000.0,3625000.0,1651449599700,84345421231.71576,23539.08408716,3570000.0,55000.0,0.0154061625
148,KRW-ETH,2022-05-02T00:00:00,2022-05-02T09:00:00,3625000.0,3690000.0,3575000.0,3668000.0,1651535999495,103782174253.9549,28558.40556765,3625000.0,43000.0,0.011862069
149,KRW-ETH,2022-05-03T00:00:00,2022-05-03T09:00:00,3667000.0,3675000.0,3570000.0,3592000.0,1651622399387,83070066416.85416,22905.50654984,3668000.0,-76000.0,-0.0207197383
150,KRW-ETH,2022-05-04T00:00:00,2022-05-04T09:00:00,3595000.0,3783000.0,3585000.0,3751000.0,1651708799767,118580165966.56248,32342.58245616,3592000.0,159000.0,0.0442650334
151,KRW-ETH,2022-05-05T00:00:00,2022-05-05T09:00:00,3752000.0,3775000.0,3525000.0,3576000.0,1651795195486,162081920675.23267,44544.97316833,3751000.0,-175000.0,-0.0466542255
152,KRW-ETH,2022-05-06T00:00:00,2022-05-06T09:00:00,3576000.0,3589000.0,3445000.0,3516000.0,1651881589989,124285381802.65521,35364.11836744,3576000.0,-60000.0,-0.0167785235
153,KRW-ETH,2022-05-07T00:00:00,2022-05-07T09:00:00,3516000.0,3519000.0,3425000.0,3456000.0,1651967999821,54460035759.33753,15633.49455129,3516000.0,-60000.0,-0.0170648464
154,KRW-ETH,2022-05-08T00:00:00,2022-05-08T09:00:00,3456000.0,3463000.0,3285000.0,3311000.0,1652054398303,109684182917.6429,32698.30972128,3456000.0,-145000.0,-0.0419560185
155,KRW-ETH,2022-05-09T00:00:00,2022-05-09T09:00:00,3312000.0,3333000.0,3025000.0,3038000.0,1652140799661,291222948236.28815,92388.66206083,3311000.0,-273000.0,-0.0824524313
156,KRW-ETH,2022-05-10T00:00:00,2022-05-10T09:00:00,3038000.0,3225000.0,2968000.0,3095000.0,1652227199992,280700299716.4725,90011.24187953,3038000.0,57000.0,0.0187623436
157,KRW-ETH,2022-05-11T00:00:00,2022-05-11T09:00:00,3097000.0,3299000.0,2812000.0,2884000.0,1652313599417,605144687161.0381,197471.71707922,3095000.0,-211000.0,-0.068174475
158,KRW-ETH,2022-05-12T00:00:00,2022-05-12T09:00:00,2884000.0,2984000.0,2450000.0,2648000.0,1652399999830,546890751956.0728,205240.63886799,2884000.0,-236000.0,-0.0818307906
159,KRW-ETH,2022-05-13T00:00:00,2022-05-13T09:00:00,2647000.0,2841000.0,2616000.0,2694000.0,1652486399664,332745981020.5682,120831.64523344,2648000.0,46000.0,0.0173716012
160,KRW-ETH,2022-05-14T00:00:00,2022-05-14T09:00:00,2694000.0,2780000.0,2609000.0,2733000.0,1652572798628,158140676751.03912,58405.11587875,2694000.0,39000.0,0.0144766147
161,KRW-ETH,2022-05-15T00:00:00,2022-05-15T09:00:00,2732000.0,2826000.0,2667000.0,2806000.0,1652659198832,114723383762.19476,41871.49679296,2733000.0,73000.0,0.0267105745
162,KRW-ETH,2022-05-16T00:00:00,2022-05-16T09:00:00,2806000.0,2809000.0,2622000.0,2660000.0,1652745596975,151401701766.46097,56260.19328081,2806000.0,-146000.0,-0.0520313614
163,KRW-ETH,2022-05-17T00:00:00,2022-05-17T09:00:00,2661000.0,2742000.0,2617000.0,2695000.0,1652831999271,134759529542.21405,50208.23970187,2660000.0,35000.0,0.0131578947
164,KRW-ETH,2022-05-18T00:00:00,2022-05-18T09:00:00,2696000.0,2715000.0,2465000.0,2472000.0,1652918399145,154048479621.01157,59690.49480803,2695000.0,-223000.0,-0.0827458256
165,KRW-ETH,2022-05-19T00:00:00,2022-05-19T09:00:00,2473000.0,2610000.0,2450000.0,2583000.0,1653004799972,135070332097.94434,53482.29408966,2472000.0,111000.0,0.0449029126
166,KRW-ETH,2022-05-20T00:00:00,2022-05-20T09:00:00,2582000.0,2649000.0,2491000.0,2538000.0,1653091200160,110917000433.67976,43075.36229295,2583000.0,-45000.0,-0.0174216028
167,KRW-ETH,2022-05-21T00:00:00,2022-05-21T09:00:00,2537000.0,2565000.0,2513000.0,2552000.0,1653177599200,48999660186.0579,19261.93397533,2538000.0,14000.0,0.0055161545
168,KRW-ETH,2022-05-22T00:00:00,2022-05-22T09:00:00,2552000.0,2640000.0,2543000.0,2627000.0,1653264000074,61023064019.73132,23558.4776052,2552000.0,75000.0,0.0293887147
169,KRW-ETH,2022-05-23T00:00:00,2022-05-23T09:00:00,2626000.0,2666000.0,2512000.0,2533000.0,1653350399594,104983242210.2991,40295.78705015,2627000.0,-94000.0,-0.0357822611
170,KRW-ETH,2022-05-24T00:00:00,2022-05-24T09:00:00,2533000.0,2553000.0,2450000.0,2525000.0,1653436798437,92251527003.25043,36764.88947898,2533000.0,-8000.0,-0.0031583103
171,KRW-ETH,2022-05-25T00:00:00,2022-05-25T09:00:00,2525000.0,2564000.0,2478000.0,2494000.0,1653523199825,84111796331.72502,33407.42272637,2525000.0,-31000.0,-0.0122772277
172,KRW-ETH,2022-05-26T00:00:00,2022-05-26T09:00:00,2495000.0,2513000.0,2252000.0,2314000.0,1653609599323,226257512123.19876,95110.33605038,2494000.0,-180000.0,-0.0721732157
173,KRW-ETH,2022-05-27T00:00:00,2022-05-27T09:00:00,2314000.0,2331000.0,2201000.0,2225000.0,1653695999834,179097885044.6717,79286.2646599,2314000.0,-89000.0,-0.0384615385
174,KRW-ETH,2022-05-28T00:00:00,2022-05-28T09:00:00,2224000.0,2305000.0,2215000.0,2286000.0,1653782397140,81432223441.44817,36021.51531835,2225000.0,61000.0,0.0274157303
175,KRW-ETH,2022-05-29T00:00:00,2022-05-29T09:00:00,2284000.0,2327000.0,2250000.0,2306000.0,1653868799148,56988946003.92613,24902.90143411,2286000.0,20000.0,0.0087489064
176,KRW-ETH,2022-05-30T00:00:00,2022-05-30T09:00:00,2305000.0,2519000.0,2290000.0,2494000.0,1653955199336,128170068120.8211,53397.95269205,2306000.0,188000.0,0.0815264527
177,KRW-ETH,2022-05-31T00:00:00,2022-05-31T09:00:00,2494000.0,2517000.0,2421000.0,2439000.0,1654041599090,122184077567.29393,49419.62944699,2494000.0,-55000.0,-0.022052927
178,KRW-ETH,2022-06-01T00:00:00,2022-06-01T09:00:00,2439000.0,2476000.0,2255000.0,2312000.0,1654127997383,131775092489.48619,55116.37970652,2439000.0,-127000.0,-0.0520705207
179,KRW-ETH,2022-06-02T00:00:00,2022-06-02T09:00:00,2313000.0,2338000.0,2263000.0,2313000.0,1654214393755,95581518385.2862,41476.56731005,2312000.0,1000.0,0.000432526
180,KRW-ETH,2022-06-03T00:00:00,2022-06-03T09:00:00,2314000.0,2319000.0,2220000.0,2262000.0,1654300793129,95528779262.53906,42175.56090269,2313000.0,-51000.0,-0.0220492866
181,KRW-ETH,2022-06-04T00:00:00,2022-06-04T09:00:00,2262000.0,2304000.0,2235000.0,2291000.0,1654387199946,38552923839.52855,17061.98617453,2262000.0,29000.0,0.0128205128
182,KRW-ETH,2022-06-05T00:00:00,2022-06-05T09:00:00,2290000.0,2319000.0,2255000.0,2296000.0,1654473596970,39383694187.69209,17244.84958029,2291000.0,5000.0,0.0021824531
183,KRW-ETH,2022-06-06T00:00:00,2022-06-06T09:00:00,2295000.0,2412000.0,2292000.0,2346000.0,1654559999497,95098952320.3937,40136.37012001,2296000.0,50000.0,0.0217770035
184,KRW-ETH,2022-06-07T00:00:00,2022-06-07T09:00:00,2346000.0,2366000.0,2213000.0,2296000.0,1654646399415,159530796095.0496,70598.49647443,2346000.0,-50000.0,-0.021312873
185,KRW-ETH,2022-06-08T00:00:00,2022-06-08T09:00:00,2296000.0,2330000.0,2251000.0,2286000.0,1654732799653,79603110028.30067,34792.74294188,2296000.0,-10000.0,-0.0043554007
186,KRW-ETH,2022-06-09T00:00:00,2022-06-09T09:00:00,2286000.0,2321000.0,2265000.0,2273000.0,1654819195913,60306704016.1736,26390.6466693,2286000.0,-13000.0,-0.0056867892
187,KRW-ETH,2022-06-10T00:00:00,2022-06-10T09:00:00,2273000.0,2291000.0,2150000.0,2156000.0,1654905600049,117325010312.92293,52867.74297214,2273000.0,-117000.0,-0.0514738231
188,KRW-ETH,2022-06-11T00:00:00,2022-06-11T09:00:00,2156000.0,2178000.0,1956000.0,2001000.0,1654991999503,257906649957.03098,126370.28881024,2156000.0,-155000.0,-0.0718923933
189,KRW-ETH,2022-06-12T00:00:00,2022-06-12T09:00:00,2001000.0,2011000.0,1855000.0,1873500.0,1655078400049,203764315913.7205,106369.66771498,2001000.0,-127500.0,-0.0637181409
190,KRW-ETH,2022-06-13T00:00:00,2022-06-13T09:00:00,1873500.0,1895000.0,1524500.0,1577500.0,1655164799337,589404696551.2993,355457.20955066,1873500.0,-296000.0,-0.1579930611
191,KRW-ETH,2022-06-14T00:00:00,2022-06-14T09:00:00,1576000.0,1637500.0,1407000.0,1573500.0,1655251199763,456264295698.04254,296154.22378216,1577500.0,-4000.0,-0.0025356577
192,KRW-ETH,2022-06-15T00:00:00,2022-06-15T09:00:00,1573500.0,1620000.0,1350000.0,1601500.0,1655337597492,685409940844.5015,465129.37958289,1573500.0,28000.0,0.0177947251
193,KRW-ETH,2022-06-16T00:00:00,2022-06-16T09:00:00,1601500.0,1621000.0,1388500.0,1408000.0,1655423999746,337115687972.48676,225398.70182606,1601500.0,-193500.0,-0.1208242273
194,KRW-ETH,2022-06-17T00:00:00,2022-06-17T09:00:00,1408000.0,1462500.0,1378500.0,1432500.0,1655510399395,192792498590.64236,135065.08203595,1408000.0,24500.0,0.0174005682
195,KRW-ETH,2022-06-18T00:00:00,2022-06-18T09:00:00,1432000.0,1445500.0,1201500.0,1313000.0,1655596799744,350980975632.78906,268059.05323275,1432500.0,-119500.0,-0.0834205934
196,KRW-ETH,2022-06-19T00:00:00,2022-06-19T09:00:00,1312500.0,1487500.0,1237500.0,1462000.0,1655683199841,377143596577.1303,275753.35360358,1313000.0,149000.0,0.1134805788
197,KRW-ETH,2022-06-20T00:00:00,2022-06-20T09:00:00,1462000.0,1516000.0,1373000.0,1460500.0,1655769598842,321114390295.92267,222374.50569095,1462000.0,-1500.0,-0.0010259918
198,KRW-ETH,2022-06-21T00:00:00,2022-06-21T09:00:00,1460500.0,1535500.0,1440000.0,1466500.0,1655855999024,249535652186.18726,167537.16091613,1460500.0,6000.0,0.0041081821
199,KRW-ETH,2022-06-22T00:00:00,2022-06-22T09:00:00,1466500.0,1468000.0,1374000.0,1378000.0,1655942399134,176491955219.74014,124033.77233742,1466500.0,-88500.0,-0.0603477668
200,KRW-ETH,2022-06-23T00:00:00,2022-06-23T09:00:00,1378000.0,1495000.0,1373500.0,1481500.0,1656028798896,133490849353.95209,92824.65778478,1378000.0,103500.0,0.0751088534
201,KRW-ETH,2022-06-24T00:00:00,2022-06-24T09:00:00,1481500.0,1613500.0,1468500.0,1591500.0,1656115195490,176671084620.9381,115083.32085358,1481500.0,110000.0,0.0742490719
202,KRW-ETH,2022-06-25T00:00:00,2022-06-25T09:00:00,1592000.0,1630000.0,1536500.0,1608500.0,1656201596928,122836582762.7896,77594.97887183,1591500.0,17000.0,0.0106817468
203,KRW-ETH,2022-06-26T00:00:00,2022-06-26T09:00:00,1608000.0,1660000.0,1560000.0,1564500.0,1656288000045,121910899748.95718,75761.6078682,1608500.0,-44000.0,-0.0273546783
204,KRW-ETH,2022-06-27T00:00:00,2022-06-27T09:00:00,1563500.0,1604000.0,1528000.0,1553000.0,1656374400047,115030117044.86818,73384.76766253,1564500.0,-11500.0,-0.0073505912
205,KRW-ETH,2022-06-28T00:00:00,2022-06-28T09:00:00,1553000.0,1600500.0,1490500.0,1498000.0,1656460798546,119332715640.22128,77320.59417323,1553000.0,-55000.0,-0.0354153252
206,KRW-ETH,2022-06-29T00:00:00,2022-06-29T09:00:00,1498000.0,1510000.0,1435500.0,1453000.0,1656547198455,110798956613.25607,75102.95523452,1498000.0,-45000.0,-0.0300400534
207,KRW-ETH,2022-06-30T00:00:00,2022-06-30T09:00:00,1453000.0,1462000.0,1331500.0,1400500.0,1656633596323,138513409990.66605,100591.49476261,1453000.0,-52500.0,-0.0361321404
208,KRW-ETH,2022-07-01T00:00:00,2022-07-01T09:00:00,1398500.0,1450000.0,1365000.0,1403500.0,1656719999756,142208338852.03918,101323.79220658,1400500.0,3000.0,0.0021420921
209,KRW-ETH,2022-07-02T00:00:00,2022-07-02T09:00:00,1405000.0,1424000.0,1364000.0,1409500.0,1656806399499,58517932849.08219,42066.22324614,1403500.0,6000.0,0.0042750267
210,KRW-ETH,2022-07-03T00:00:00,2022-07-03T09:00:00,1409500.0,1433500.0,1381500.0,1416000.0,1656892795842,53328185296.65972,37904.04946525,1409500.0,6500.0,0.0046115644
211,KRW-ETH,2022-07-04T00:00:00,2022-07-04T09:00:00,1416000.0,1514500.0,1380000.0,1500000.0,1656979197554,108503352129.02858,75465.56686933,1416000.0,84000.0,0.0593220339
212,KRW-ETH,2022-07-05T00:00:00,2022-07-05T09:00:00,1501000.0,1539500.0,1432000.0,1491500.0,1657065599751,136243000501.61783,91375.82056706,1500000.0,-8500.0,-0.0056666667
213,KRW-ETH,2022-07-06T00:00:00,2022-07-06T09:00:00,1491000.0,1576000.0,1468500.0,1553500.0,1657151999344,113215485322.83221,75022.15020396,1491500.0,62000.0,0.0415688904
214,KRW-ETH,2022-07-07T00:00:00,2022-07-07T09:00:00,1553500.0,1628000.0,1527000.0,1607500.0,1657238400052,109185587967.44456,69315.71204157,1553500.0,54000.0,0.0347602189
215,KRW-ETH,2022-07-08T00:00:00,2022-07-08T09:00:00,1607000.0,1651000.0,1567000.0,1590000.0,1657324799444,156938220113.36545,97530.60463689,1607500.0,-17500.0,-0.0108864697
216,KRW-ETH,2022-07-09T00:00:00,2022-07-09T09:00:00,1590000.0,1607000.0,1575000.0,1588000.0,1657411199816,53457809599.89213,33637.7630676,1590000.0,-2000.0,-0.0012578616
217,KRW-ETH,2022-07-10T00:00:00,2022-07-10T09:00:00,1587500.0,1592000.0,1516500.0,1530000.0,1657497598311,66012146984.74809,42677.09468012,1588000.0,-58000.0,-0.0365239295
218,KRW-ETH,2022-07-11T00:00:00,2022-07-11T09:00:00,1530000.0,1537000.0,1451000.0,1454500.0,1657583998257,84072765660.0976,56091.08838472,1530000.0,-75500.0,-0.0493464052
219,KRW-ETH,2022-07-12T00:00:00,2022-07-12T09:00:00,1454500.0,1456500.0,1378000.0,1381000.0,1657670398992,105921954202.00853,74666.41992519,1454500.0,-73500.0,-0.0505328292
220,KRW-ETH,2022-07-13T00:00:00,2022-07-13T09:00:00,1380500.0,1468000.0,1345500.0,1466500.0,1657756799918,168105669620.92642,120082.70369892,1381000.0,85500.0,0.0619116582
221,KRW-ETH,2022-07-14T00:00:00,2022-07-14T09:00:00,1466500.0,1596000.0,1423000.0,1571000.0,1657843198116,150585577410.8559,100722.61070183,1466500.0,104500.0,0.0712580975
222,KRW-ETH,2022-07-15T00:00:00,2022-07-15T09:00:00,1571000.0,1693000.0,1556500.0,1627000.0,1657929598781,158155202780.53372,98180.14470438,1571000.0,56000.0,0.0356460853
223,KRW-ETH,2022-07-16T00:00:00,2022-07-16T09:00:00,1625500.0,1857500.0,1577500.0,1780500.0,1658015999558,239998919500.46524,140751.06067051,1627000.0,153500.0,0.094345421
224,KRW-ETH,2022-07-17T00:00:00,2022-07-17T09:00:00,1780500.0,1820000.0,1742000.0,1767500.0,1658102399696,208908511123.2119,117113.6074361,1780500.0,-13000.0,-0.0073013199
225,KRW-ETH,2022-07-18T00:00:00,2022-07-18T09:00:00,1767500.0,2092000.0,1764000.0,2072000.0,1658188800016,357242600697.55676,185860.47179199,1767500.0,304500.0,0.1722772277
226,KRW-ETH,2022-07-19T00:00:00,2022-07-19T09:00:00,2072000.0,2135000.0,1965000.0,2027000.0,1658275199958,375119567884.9929,184621.23102597,2072000.0,-45000.0,-0.0217181467
227,KRW-ETH,2022-07-20T00:00:00,2022-07-20T09:00:00,2027000.0,2124000.0,1974000.0,1999000.0,1658361599675,321994156628.2839,156830.45497546,2027000.0,-28000.0,-0.0138135175
228,KRW-ETH,2022-07-21T00:00:00,2022-07-21T09:00:00,2000000.0,2108000.0,1936000.0,2068000.0,1658447999760,237430191670.66367,118447.39370384,1999000.0,69000.0,0.0345172586
229,KRW-ETH,2022-07-22T00:00:00,2022-07-22T09:00:00,2067000.0,2166000.0,2012000.0,2033000.0,1658534399660,238318064405.7184,113668.10271551,2068000.0,-35000.0,-0.0169245648
230,KRW-ETH,2022-07-23T00:00:00,2022-07-23T09:00:00,2036000.0,2102000.0,1985000.0,2049000.0,1658620799815,155127131331.11377,75889.32780029,2033000.0,16000.0,0.0078701426
231,KRW-ETH,2022-07-24T00:00:00,2022-07-24T09:00:00,2049000.0,2184000.0,2046000.0,2109000.0,1658707199081,227248159349.5799,107719.82301329,2049000.0,60000.0,0.0292825769
232,KRW-ETH,2022-07-25T00:00:00,2022-07-25T09:00:00,2111000.0,2127000.0,1926500.0,1932000.0,1658793599750,279208674505.4448,138488.87743122,2109000.0,-177000.0,-0.0839260313
233,KRW-ETH,2022-07-26T00:00:00,2022-07-26T09:00:00,1932000.0,1944000.0,1818500.0,1936500.0,1658879998691,241291275305.01987,128053.76286449,1932000.0,4500.0,0.0023291925
234,KRW-ETH,2022-07-27T00:00:00,2022-07-27T09:00:00,1937000.0,2159000.0,1902500.0,2153000.0,1658966399028,313186568853.13635,155223.37232726,1936500.0,216500.0,0.1117996385
235,KRW-ETH,2022-07-28T00:00:00,2022-07-28T09:00:00,2152000.0,2328000.0,2106000.0,2256000.0,1659052799942,383259186250.1904,174828.14347247,2153000.0,103000.0,0.0478402229
236,KRW-ETH,2022-07-29T00:00:00,2022-07-29T09:00:00,2256000.0,2325000.0,2189000.0,2275000.0,1659139199866,293865374017.02216,130199.32382854,2256000.0,19000.0,0.0084219858
237,KRW-ETH,2022-07-30T00:00:00,2022-07-30T09:00:00,2275000.0,2295000.0,2221000.0,2243000.0,1659225599613,160120207458.5159,70837.76991132,2275000.0,-32000.0,-0.0140659341
238,KRW-ETH,2022-07-31T00:00:00,2022-07-31T09:00:00,2243000.0,2299000.0,2205000.0,2215000.0,1659312000231,130993897197.39735,58264.26142957,2243000.0,-28000.0,-0.0124832813
239,KRW-ETH,2022-08-01T00:00:00,2022-08-01T09:00:00,2215000.0,2246000.0,2139000.0,2167000.0,1659398399741,132869223576.31882,60371.54762382,2215000.0,-48000.0,-0.0216704289
240,KRW-ETH,2022-08-02T00:00:00,2022-08-02T09:00:00,2166000.0,2223000.0,2082000.0,2183000.0,1659484799316,190971096703.0954,89154.46927378,2167000.0,16000.0,0.0073834795
241,KRW-ETH,2022-08-03T00:00:00,2022-08-03T09:00:00,2186000.0,2239000.0,2141000.0,2178000.0,1659571199757,136872956063.4605,62501.80645118,2183000.0,-5000.0,-0.002290426
242,KRW-ETH,2022-08-04T00:00:00,2022-08-04T09:00:00,2179000.0,2215000.0,2125000.0,2151000.0,1659657599664,123548518763.86002,56928.04169836,2178000.0,-27000.0,-0.0123966942
243,KRW-ETH,2022-08-05T00:00:00,2022-08-05T09:00:00,2154000.0,2297000.0,2148000.0,2293000.0,1659743999313,183516912305.61313,82392.36236105,2151000.0,142000.0,0.0660158066
244,KRW-ETH,2022-08-06T00:00:00,2022-08-06T09:00:00,2293000.0,2314000.0,2241000.0,2247000.0,1659830397835,99978137989.23006,43800.97341668,2293000.0,-46000.0,-0.0200610554
245,KRW-ETH,2022-08-07T00:00:00,2022-08-07T09:00:00,2247000.0,2283000.0,2223000.0,2254000.0,1659916800020,75266059250.64198,33461.90984268,2247000.0,7000.0,0.0031152648
246,KRW-ETH,2022-08-08T00:00:00,2022-08-08T09:00:00,2254000.0,2390000.0,2249000.0,2348000.0,1660003199941,174462387049.59262,74919.47021129,2254000.0,94000.0,0.041703638
247,KRW-ETH,2022-08-09T00:00:00,2022-08-09T09:00:00,2345000.0,2370000.0,2236000.0,2280000.0,1660089600016,182363971627.1987,79232.51817752,2348000.0,-68000.0,-0.0289608177
248,KRW-ETH,2022-08-10T00:00:00,2022-08-10T09:00:00,2281000.0,2485000.0,2232000.0,2445000.0,1660175999176,332917055245.8659,140841.91742328,2280000.0,165000.0,0.0723684211
249,KRW-ETH,2022-08-11T00:00:00,2022-08-11T09:00:00,2445000.0,2561000.0,2442000.0,2497000.0,1660262399173,310779497349.46936,123980.30363001,2445000.0,52000.0,0.0212678937
250,KRW-ETH,2022-08-12T00:00:00,2022-08-12T09:00:00,2495000.0,2604000.0,2472000.0,2597000.0,1660348799721,164749516106.4614,65164.83866398,2497000.0,100000.0,0.0400480577
251,KRW-ETH,2022-08-13T00:00:00,2022-08-13T09:00:00,2598000.0,2676000.0,2583000.0,2644000.0,1660435199270,189182069281.75128,71717.54285086,2597000.0,47000.0,0.0180978052
252,KRW-ETH,2022-08-14T00:00:00,2022-08-14T09:00:00,2644000.0,2694000.0,2554000.0,2594000.0,1660521599527,170039279264.01144,64628.39473699,2644000.0,-50000.0,-0.0189107413
253,KRW-ETH,2022-08-15T00:00:00,2022-08-15T09:00:00,2594000.0,2673000.0,2525000.0,2561000.0,1660607999955,211138547177.32095,81769.50668028,2594000.0,-33000.0,-0.0127216654
254,KRW-ETH,2022-08-16T00:00:00,2022-08-16T09:00:00,2561000.0,2573000.0,2501000.0,2524000.0,1660694397831,134959650973.4285,53258.02056165,2561000.0,-37000.0,-0.0144474815
255,KRW-ETH,2022-08-17T00:00:00,2022-08-17T09:00:00,2524000.0,2606000.0,2451000.0,2482000.0,1660780799743,205054852306.85724,81404.27555476,2524000.0,-42000.0,-0.0166402536
256,KRW-ETH,2022-08-18T00:00:00,2022-08-18T09:00:00,2482000.0,2543000.0,2469000.0,2529000.0,1660867199893,110446801783.21062,44019.75852175,2482000.0,47000.0,0.0189363417
257,KRW-ETH,2022-08-19T00:00:00,2022-08-19T09:00:00,2529000.0,2531000.0,2205000.0,2212000.0,1660953599781,366921543710.0419,154699.60806269,2529000.0,-317000.0,-0.1253459866
258,KRW-ETH,2022-08-20T00:00:00,2022-08-20T09:00:00,2210000.0,2287000.0,2110000.0,2191000.0,1661039998972,200765969776.57904,90251.24350029,2212000.0,-21000.0,-0.0094936709
259,KRW-ETH,2022-08-21T00:00:00,2022-08-21T09:00:00,2190000.0,2251000.0,2149000.0,2216000.0,1661126398969,140412793221.41196,63612.43451599,2191000.0,25000.0,0.0114103149
260,KRW-ETH,2022-08-22T00:00:00,2022-08-22T09:00:00,2216000.0,2224000.0,2112000.0,2221000.0,1661212799571,168963728285.40982,78025.55255116,2216000.0,5000.0,0.0022563177
261,KRW-ETH,2022-08-23T00:00:00,2022-08-23T09:00:00,2221000.0,2277000.0,2142000.0,2263000.0,1661299200005,167195943708.38538,75519.49567835,2221000.0,42000.0,0.0189104007
262,KRW-ETH,2022-08-24T00:00:00,2022-08-24T09:00:00,2262000.0,2300000.0,2202000.0,2255000.0,1661385599863,136637420449.11765,60758.06197723,2263000.0,-8000.0,-0.0035351304
263,KRW-ETH,2022-08-25T00:00:00,2022-08-25T09:00:00,2255000.0,2335000.0,2251000.0,2300000.0,1661471999990,110754656991.51288,48167.54069692,2255000.0,45000.0,0.0199556541
264,KRW-ETH,2022-08-26T00:00:00,2022-08-26T09:00:00,2302000.0,2315000.0,2060000.0,2086000.0,1661558399939,298576992851.59143,134844.99961486,2300000.0,-214000.0,-0.0930434783
265,KRW-ETH,2022-08-27T00:00:00,2022-08-27T09:00:00,2086000.0,2102000.0,2010000.0,2063000.0,1661644799595,134647599812.40726,65272.84085762,2086000.0,-23000.0,-0.0110258869
266,KRW-ETH,2022-08-28T00:00:00,2022-08-28T09:00:00,2063000.0,2090000.0,1975000.0,1979500.0,1661731200024,87467460530.23451,42888.04738823,2063000.0,-83500.0,-0.0404750364
267,KRW-ETH,2022-08-29T00:00:00,2022-08-29T09:00:00,1978000.0,2138000.0,1970500.0,2127000.0,1661817599286,152315066121.40573,74358.77669216,1979500.0,147500.0,0.0745137661
268,KRW-ETH,2022-08-30T00:00:00,2022-08-30T09:00:00,2126000.0,2203000.0,2047000.0,2103000.0,1661903999915,202500054228.69333,94895.85651126,2127000.0,-24000.0,-0.0112834979
269,KRW-ETH,2022-08-31T00:00:00,2022-08-31T09:00:00,2101000.0,2209000.0,2100000.0,2136000.0,1661990399611,194103998395.4236,89723.27581206,2103000.0,33000.0,0.0156918688
270,KRW-ETH,2022-09-01T00:00:00,2022-09-01T09:00:00,2136000.0,2193000.0,2098000.0,2175000.0,1662076799407,163585697814.19833,76365.25878029,2136000.0,39000.0,0.018258427
271,KRW-ETH,2022-09-02T00:00:00,2022-09-02T09:00:00,2176000.0,2260000.0,2145000.0,2176000.0,1662163199830,214881159136.77457,97587.30500072,2175000.0,1000.0,0.0004597701
272,KRW-ETH,2022-09-03T00:00:00,2022-09-03T09:00:00,2176000.0,2189000.0,2131000.0,2152000.0,1662249595585,80366888160.73984,37260.34287108,2176000.0,-24000.0,-0.0110294118
273,KRW-ETH,2022-09-04T00:00:00,2022-09-04T09:00:00,2153000.0,2184000.0,2135000.0,2173000.0,1662335999449,61221611093.1573,28386.65885899,2152000.0,21000.0,0.0097583643
274,KRW-ETH,2022-09-05T00:00:00,2022-09-05T09:00:00,2174000.0,2247000.0,2153000.0,2228000.0,1662422399386,135750120540.85236,61973.01936844,2173000.0,55000.0,0.0253106305
275,KRW-ETH,2022-09-06T00:00:00,2022-09-06T09:00:00,2226000.0,2321000.0,2178000.0,2183000.0,1662508800033,275595198519.5428,121839.9062408,2228000.0,-45000.0,-0.0201974865
276,KRW-ETH,2022-09-07T00:00:00,2022-09-07T09:00:00,2183000.0,2295000.0,2103000.0,2262000.0,1662595199823,200250546316.33698,91984.82916811,2183000.0,79000.0,0.0361887311
277,KRW-ETH,2022-09-08T00:00:00,2022-09-08T09:00:00,2262000.0,2300000.0,2225000.0,2270000.0,1662681599929,131921429028.16817,58246.54243785,2262000.0,8000.0,0.0035366932
278,KRW-ETH,2022-09-09T00:00:00,2022-09-09T09:00:00,2271000.0,2376000.0,2267000.0,2355000.0,1662767999797,160632726375.16324,68702.92218077,2270000.0,85000.0,0.0374449339
279,KRW-ETH,2022-09-10T00:00:00,2022-09-10T09:00:00,2353000.0,2430000.0,2335000.0,2416000.0,1662854399692,99457097650.84038,41928.39890199,2355000.0,61000.0,0.0259023355
280,KRW-ETH,2022-09-11T00:00:00,2022-09-11T09:00:00,2414000.0,2431000.0,2373000.0,2407000.0,1662940796766,92397900399.16684,38460.47103801,2416000.0,-9000.0,-0.0037251656
281,KRW-ETH,2022-09-12T00:00:00,2022-09-12T09:00:00,2407000.0,2427000.0,2320000.0,2346000.0,1663027197721,144742750403.25772,60911.50652523,2407000.0,-61000.0,-0.0253427503
282,KRW-ETH,2022-09-13T00:00:00,2022-09-13T09:00:00,2346000.0,2384000.0,2163000.0,2184000.0,1663113599574,242809340589.65463,107648.9831191,2346000.0,-162000.0,-0.0690537084
283,KRW-ETH,2022-09-14T00:00:00,2022-09-14T09:00:00,2183000.0,2303000.0,2160000.0,2291000.0,1663200000126,165634499045.09576,74307.19599593,2184000.0,107000.0,0.048992674
284,KRW-ETH,2022-09-15T00:00:00,2022-09-15T09:00:00,2290000.0,2342000.0,2110000.0,2128000.0,1663286399929,392510831420.4816,176152.22708184,2291000.0,-163000.0,-0.0711479703
285,KRW-ETH,2022-09-16T00:00:00,2022-09-16T09:00:00,2128000.0,2132000.0,2000000.0,2025000.0,1663372797122,157738582042.99066,76559.08373101,2128000.0,-103000.0,-0.0484022556
286,KRW-ETH,2022-09-17T00:00:00,2022-09-17T09:00:00,2025000.0,2069000.0,1993500.0,2058000.0,1663459197615,95011724297.89688,46838.07809105,2025000.0,33000.0,0.0162962963
287,KRW-ETH,2022-09-18T00:00:00,2022-09-18T09:00:00,2059000.0,2060000.0,1872000.0,1891500.0,1663545597523,147388499831.6635,75313.04333253,2058000.0,-166500.0,-0.0809037901
288,KRW-ETH,2022-09-19T00:00:00,2022-09-19T09:00:00,1891500.0,1965000.0,1827500.0,1940500.0,1663631999939,177102460467.9704,94088.49472047,1891500.0,49000.0,0.0259053661
289,KRW-ETH,2022-09-20T00:00:00,2022-09-20T09:00:00,1941000.0,1955000.0,1862000.0,1876000.0,1663718399016,88399184299.86623,46218.56556958,1940500.0,-64500.0,-0.033238856
290,KRW-ETH,2022-09-21T00:00:00,2022-09-21T09:00:00,1877000.0,1977000.0,1758000.0,1792000.0,1663804799959,173306735356.07474,92873.63134318,1876000.0,-84000.0,-0.0447761194
291,KRW-ETH,2022-09-22T00:00:00,2022-09-22T09:00:00,1791000.0,1916500.0,1781500.0,1884500.0,1663891198971,142386934625.2645,77566.50325844,1792000.0,92500.0,0.0516183036
292,KRW-ETH,2022-09-23T00:00:00,2022-09-23T09:00:00,1885000.0,1936000.0,1817500.0,1899500.0,1663977599942,144475066910.04434,76845.60696966,1884500.0,15000.0,0.007959671
293,KRW-ETH,2022-09-24T00:00:00,2022-09-24T09:00:00,1899000.0,1936500.0,1880000.0,1898500.0,1664063999972,68545656487.0577,35926.22204513,1899500.0,-1000.0,-0.0005264543
294,KRW-ETH,2022-09-25T00:00:00,2022-09-25T09:00:00,1899500.0,1917000.0,1835000.0,1864000.0,1664150399532,58503477533.69439,31052.69584987,1898500.0,-34500.0,-0.0181722412
295,KRW-ETH,2022-09-26T00:00:00,2022-09-26T09:00:00,1862000.0,1920000.0,1848000.0,1916000.0,1664236799403,89517064193.76021,47431.3927679,1864000.0,52000.0,0.0278969957
296,KRW-ETH,2022-09-27T00:00:00,2022-09-27T09:00:00,1916000.0,1995000.0,1880500.0,1914000.0,1664323197300,143903948620.72134,73822.0026406,1916000.0,-2000.0,-0.0010438413
297,KRW-ETH,2022-09-28T00:00:00,2022-09-28T09:00:00,1915500.0,1948000.0,1830000.0,1924000.0,1664409599963,122115498229.62772,64703.99805668,1914000.0,10000.0,0.0052246604
298,KRW-ETH,2022-09-29T00:00:00,2022-09-29T09:00:00,1923000.0,1948000.0,1864500.0,1910500.0,1664495999166,97785611983.19449,51168.69648733,1924000.0,-13500.0,-0.007016632
299,KRW-ETH,2022-09-30T00:00:00,2022-09-30T09:00:00,1910000.0,1964000.0,1892500.0,1911000.0,1664582399845,83458740837.1484,43457.25421101,1910500.0,500.0,0.0002617116
300,KRW-ETH,2022-10-01T00:00:00,2022-10-01T09:00:00,1909000.0,1920000.0,1884500.0,1896500.0,1664668799192,31001648371.883755,16267.92768355,1911000.0,-14500.0,-0.0075876504
301,KRW-ETH,2022-10-02T00:00:00,2022-10-02T09:00:00,1896500.0,1901500.0,1850000.0,1858500.0,1664755194277,38355965591.14375,20412.14703543,1896500.0,-38000.0,-0.0200369101
302,KRW-ETH,2022-10-03T00:00:00,2022-10-03T09:00:00,1858500.0,1917500.0,1842500.0,1906000.0,1664841599661,50628004135.77595,26808.03074008,1858500.0,47500.0,0.0255582459
303,KRW-ETH,2022-10-04T00:00:00,2022-10-04T09:00:00,1904500.0,1950000.0,1901500.0,1940000.0,1664927995780,65183089834.69298,33773.94138755,1906000.0,34000.0,0.017838405
304,KRW-ETH,2022-10-05T00:00:00,2022-10-05T09:00:00,1941000.0,1944500.0,1890000.0,1926000.0,1665014399407,61447977779.23106,32019.5797596,1940000.0,-14000.0,-0.0072164948
305,KRW-ETH,2022-10-06T00:00:00,2022-10-06T09:00:00,1926000.0,1956500.0,1916000.0,1924500.0,1665100799821,66136307307.3257,34152.03550581,1926000.0,-1500.0,-0.0007788162
306,KRW-ETH,2022-10-07T00:00:00,2022-10-07T09:00:00,1922500.0,1937500.0,1881500.0,1895500.0,1665187198828,59124049103.02814,30949.93175791,1924500.0,-29000.0,-0.0150688491
307,KRW-ETH,2022-10-08T00:00:00,2022-10-08T09:00:00,1895000.0,1904000.0,1870000.0,1880000.0,1665273599785,25643420411.008293,13556.55780948,1895500.0,-15500.0,-0.0081772619
308,KRW-ETH,2022-10-09T00:00:00,2022-10-09T09:00:00,1879000.0,1895500.0,1870500.0,1886000.0,1665359998709,20594551912.59772,10945.68468209,1880000.0,6000.0,0.0031914894
309,KRW-ETH,2022-10-10T00:00:00,2022-10-10T09:00:00,1884000.0,1905000.0,1848000.0,1849500.0,1665446399962,40056446161.550476,21362.50137419,1886000.0,-36500.0,-0.0193531283
310,KRW-ETH,2022-10-11T00:00:00,2022-10-11T09:00:00,1848000.0,1860000.0,1821500.0,1837000.0,1665532799148,47091373556.99697,25606.38459016,1849500.0,-12500.0,-0.0067585834
311,KRW-ETH,2022-10-12T00:00:00,2022-10-12T09:00:00,1836500.0,1871500.0,1832500.0,1855500.0,1665619199894,31030672176.82745,16729.52029344,1837000.0,18500.0,0.0100707676
312,KRW-ETH,2022-10-13T00:00:00,2022-10-13T09:00:00,1854000.0,1871500.0,1730500.0,1848000.0,1665705595992,111894571191.97801,62168.07247711,1855500.0,-7500.0,-0.0040420372
313,KRW-ETH,2022-10-14T00:00:00,2022-10-14T09:00:00,1848000.0,1922000.0,1841500.0,1869000.0,1665791998202,71104629683.35362,37584.03472847,1848000.0,21000.0,0.0113636364
314,KRW-ETH,2022-10-15T00:00:00,2022-10-15T09:00:00,1868500.0,1874500.0,1828000.0,1841000.0,1665878395857,23612641998.826157,12730.5289991,1869000.0,-28000.0,-0.0149812734
315,KRW-ETH,2022-10-16T00:00:00,2022-10-16T09:00:00,1841000.0,1891500.0,1841000.0,1875000.0,1665964799312,21935397949.164536,11775.96745396,1841000.0,34000.0,0.0184682238
316,KRW-ETH,2022-10-17T00:00:00,2022-10-17T09:00:00,1875000.0,1916000.0,1861000.0,1904500.0,1666051196261,42874186471.05257,22658.67867432,1875000.0,29500.0,0.0157333333
317,KRW-ETH,2022-10-18T00:00:00,2022-10-18T09:00:00,1904500.0,1920000.0,1856500.0,1884500.0,1666137593999,50665057052.74121,26722.47034139,1904500.0,-20000.0,-0.0105014439
318,KRW-ETH,2022-10-19T00:00:00,2022-10-19T09:00:00,1884500.0,1888000.0,1851000.0,1856500.0,1666223995635,36581868180.26014,19567.43082187,1884500.0,-28000.0,-0.0148580525
319,KRW-ETH,2022-10-20T00:00:00,2022-10-20T09:00:00,1857000.0,1883000.0,1840000.0,1852500.0,1666310399974,35336553915.80535,19019.0417125,1856500.0,-4000.0,-0.002154592
320,KRW-ETH,2022-10-21T00:00:00,2022-10-21T09:00:00,1850500.0,1880000.0,1820500.0,1873000.0,1666396799457,39430633706.78191,21268.10721478,1852500.0,20500.0,0.0110661269
321,KRW-ETH,2022-10-22T00:00:00,2022-10-22T09:00:00,1872000.0,1896500.0,1865000.0,1887000.0,1666483197921,22652229338.411144,12044.13378539,1873000.0,14000.0,0.0074746396
322,KRW-ETH,2022-10-23T00:00:00,2022-10-23T09:00:00,1888500.0,1959500.0,1875000.0,1951500.0,1666569599801,43608832860.99844,22786.8753008,1887000.0,64500.0,0.0341812401
323,KRW-ETH,2022-10-24T00:00:00,2022-10-24T09:00:00,1950000.0,1963000.0,1910000.0,1931500.0,1666655992895,47282660925.4281,24414.14305213,1951500.0,-20000.0,-0.0102485268
324,KRW-ETH,2022-10-25T00:00:00,2022-10-25T09:00:00,1932000.0,2150000.0,1918000.0,2072000.0,1666742399491,128726082300.11053,63350.10661563,1931500.0,140500.0,0.0727413927
325,KRW-ETH,2022-10-26T00:00:00,2022-10-26T09:00:00,2072000.0,2234000.0,2067000.0,2193000.0,1666828798577,170828301446.35675,79074.25710068,2072000.0,121000.0,0.0583976834
326,KRW-ETH,2022-10-27T00:00:00,2022-10-27T09:00:00,2194000.0,2208000.0,2120000.0,2133000.0,1666915194531,116519030368.9388,53601.07121186,2193000.0,-60000.0,-0.0273597811
327,KRW-ETH,2022-10-28T00:00:00,2022-10-28T09:00:00,2133000.0,2211000.0,2103000.0,2186000.0,1667001598929,98782566656.883,45917.62433924,2133000.0,53000.0,0.0248476324
328,KRW-ETH,2022-10-29T00:00:00,2022-10-29T09:00:00,2184000.0,2310000.0,2177000.0,2265000.0,1667088000010,133982969058.3425,59175.04040145,2186000.0,79000.0,0.0361390668
329,KRW-ETH,2022-10-30T00:00:00,2022-10-30T09:00:00,2263000.0,2300000.0,2218000.0,2231000.0,1667174399497,67100385313.8704,29756.86074612,2265000.0,-34000.0,-0.0150110375
330,KRW-ETH,2022-10-31T00:00:00,2022-10-31T09:00:00,2234000.0,2291000.0,2184000.0,2208000.0,1667260799403,85097269275.84097,38155.11993488,2231000.0,-23000.0,-0.0103092784
331,KRW-ETH,2022-11-01T00:00:00,2022-11-01T09:00:00,2207000.0,2250000.0,2200000.0,2218000.0,1667347199556,58476358599.08694,26295.8236365,2208000.0,10000.0,0.0045289855
332,KRW-ETH,2022-11-02T00:00:00,2022-11-02T09:00:00,2215000.0,2285000.0,2136000.0,2157000.0,1667433599438,122484620348.4188,55494.97503566,2218000.0,-61000.0,-0.0275022543
333,KRW-ETH,2022-11-03T00:00:00,2022-11-03T09:00:00,2157000.0,2207000.0,2156000.0,2176000.0,1667519999974,56130564664.83186,25689.20587408,2157000.0,19000.0,0.0088085304
334,KRW-ETH,2022-11-04T00:00:00,2022-11-04T09:00:00,2175000.0,2330000.0,2173000.0,2288000.0,1667606399627,131111476196.01773,58125.28789819,2176000.0,112000.0,0.0514705882
335,KRW-ETH,2022-11-05T00:00:00,2022-11-05T09:00:00,2286000.0,2319000.0,2267000.0,2276000.0,1667692799764,58829616868.64788,25680.01447063,2288000.0,-12000.0,-0.0052447552
336,KRW-ETH,2022-11-06T00:00:00,2022-11-06T09:00:00,2276000.0,2291000.0,2207000.0,2213000.0,1667779199428,43871761578.052,19443.52880578,2276000.0,-63000.0,-0.0276801406
337,KRW-ETH,2022-11-07T00:00:00,2022-11-07T09:00:00,2210000.0,2250000.0,2182000.0,2209000.0,1667865599843,72068914556.4595,32548.57903294,2213000.0,-4000.0,-0.0018075011
338,KRW-ETH,2022-11-08T00:00:00,2022-11-08T09:00:00,2206000.0,2216000.0,1860000.0,1917000.0,1667951999844,329776704435.08777,162725.49897791,2209000.0,-292000.0,-0.1321865097
339,KRW-ETH,2022-11-09T00:00:00,2022-11-09T09:00:00,1917000.0,1930000.0,1548500.0,1588500.0,1668038399418,447396296688.31714,258495.89406217,1917000.0,-328500.0,-0.1713615023
340,KRW-ETH,2022-11-10T00:00:00,2022-11-10T09:00:00,1589500.0,1874500.0,1573500.0,1830000.0,1668124799871,361629546486.5822,208222.15128443,1588500.0,241500.0,0.1520302172
341,KRW-ETH,2022-11-11T00:00:00,2022-11-11T09:00:00,1832000.0,1854000.0,1675000.0,1788500.0,1668211197587,228754736545.57074,130043.0206583,1830000.0,-41500.0,-0.0226775956
342,KRW-ETH,2022-11-12T00:00:00,2022-11-12T09:00:00,1788000.0,1794500.0,1714500.0,1748500.0,1668297597340,101921770429.89806,58148.92357943,1788500.0,-40000.0,-0.0223651104
343,KRW-ETH,2022-11-13T00:00:00,2022-11-13T09:00:00,1748500.0,1765000.0,1671500.0,1684000.0,1668383996495,109712196174.88977,64133.016662,1748500.0,-64500.0,-0.0368887618
344,KRW-ETH,2022-11-14T00:00:00,2022-11-14T09:00:00,1684500.0,1763500.0,1583000.0,1695500.0,1668470396903,217686342235.90118,129820.89771468,1684000.0,11500.0,0.0068289786
345,KRW-ETH,2022-11-15T00:00:00,2022-11-15T09:00:00,1695500.0,1751000.0,1682000.0,1708500.0,1668556799865,101645852077.50876,59212.91692913,1695500.0,13000.0,0.0076673548
346,KRW-ETH,2022-11-16T00:00:00,2022-11-16T09:00:00,1707000.0,1725500.0,1640000.0,1678000.0,1668643199986,90731073957.30714,53914.82626128,1708500.0,-30500.0,-0.0178519169
347,KRW-ETH,2022-11-17T00:00:00,2022-11-17T09:00:00,1675500.0,1687500.0,1630000.0,1654500.0,1668729598584,63485671763.97253,38325.42284165,1678000.0,-23500.0,-0.0140047676
348,KRW-ETH,2022-11-18T00:00:00,2022-11-18T09:00:00,1654000.0,1690000.0,1653500.0,1674000.0,1668815999358,52769972239.42025,31570.66432163,1654500.0,19500.0,0.0117860381
349,KRW-ETH,2022-11-19T00:00:00,2022-11-19T09:00:00,1674000.0,1700000.0,1662500.0,1683500.0,1668902399134,31863911388.307724,19004.32067435,1674000.0,9500.0,0.0056750299
350,KRW-ETH,2022-11-20T00:00:00,2022-11-20T09:00:00,1683500.0,1691500.0,1586500.0,1600500.0,1668988799397,73610745919.7523,44970.21827324,1683500.0,-83000.0,-0.0493020493
351,KRW-ETH,2022-11-21T00:00:00,2022-11-21T09:00:00,1601500.0,1604500.0,1530500.0,1560000.0,1669075197199,91361933631.43307,58130.11222646,1600500.0,-40500.0,-0.0253045923
352,KRW-ETH,2022-11-22T00:00:00,2022-11-22T09:00:00,1560000.0,1593000.0,1516500.0,1586000.0,1669161596147,98663890597.92409,63393.44471679,1560000.0,26000.0,0.0166666667
353,KRW-ETH,2022-11-23T00:00:00,2022-11-23T09:00:00,1585500.0,1644500.0,1575000.0,1639000.0,1669247999019,79953156319.35641,49509.39394667,1586000.0,53000.0,0.0334174023
354,KRW-ETH,2022-11-24T00:00:00,2022-11-24T09:00:00,1639500.0,1673500.0,1625500.0,1648000.0,1669334399906,66491136682.28195,40350.7194246,1639000.0,9000.0,0.0054911531
355,KRW-ETH,2022-11-25T00:00:00,2022-11-25T09:00:00,1647500.0,1651500.0,1602000.0,1645000.0,1669420798133,44321847536.07245,27212.06336001,1648000.0,-3000.0,-0.0018203883
356,KRW-ETH,2022-11-26T00:00:00,2022-11-26T09:00:00,1645000.0,1689500.0,1643500.0,1659000.0,1669507197346,38710686522.29617,23198.99568381,1645000.0,14000.0,0.0085106383
357,KRW-ETH,2022-11-27T00:00:00,2022-11-27T09:00:00,1659000.0,1678500.0,1641000.0,1648000.0,1669593599639,25819490964.31697,15501.31519788,1659000.0,-11000.0,-0.0066305003
358,KRW-ETH,2022-11-28T00:00:00,2022-11-28T09:00:00,1645500.0,1651000.0,1600000.0,1609000.0,1669679999210,46536773961.65374,28742.94119608,1648000.0,-39000.0,-0.0236650485
359,KRW-ETH,2022-11-29T00:00:00,2022-11-29T09:00:00,1609500.0,1672000.0,1595000.0,1657000.0,1669766398591,54527166386.91002,33161.62513414,1609000.0,48000.0,0.0298321939
360,KRW-ETH,2022-11-30T00:00:00,2022-11-30T09:00:00,1657000.0,1766500.0,1655000.0,1752500.0,1669852799917,87964238429.10722,50982.60763895,1657000.0,95500.0,0.0576342788
361,KRW-ETH,2022-12-01T00:00:00,2022-12-01T09:00:00,1752500.0,1754500.0,1710000.0,1729000.0,1669939192399,50990524695.3476,29415.60567537,1752500.0,-23500.0,-0.0134094151
362,KRW-ETH,2022-12-02T00:00:00,2022-12-02T09:00:00,1729000.0,1742500.0,1701000.0,1735500.0,1670025599526,43415970311.50549,25238.85332789,1729000.0,6500.0,0.0037593985
363,KRW-ETH,2022-12-03T00:00:00,2022-12-03T09:00:00,1735500.0,1747000.0,1675000.0,1679000.0,1670111996545,31304937757.0601,18346.12178334,1735500.0,-56500.0,-0.0325554595
364,KRW-ETH,2022-12-04T00:00:00,2022-12-04T09:00:00,1679000.0,1722500.0,1677500.0,1713500.0,1670198399899,32586603965.32487,19206.2947805,1679000.0,34500.0,0.0205479452
365,KRW-ETH,2022-12-05T00:00:00,2022-12-05T09:00:00,1712500.0,1736000.0,1678000.0,1688000.0,1670284798784,47360280335.58779,27626.89059598,1713500.0,-25500.0,-0.0148818208
366,KRW-ETH,2022-12-06T00:00:00,2022-12-06T09:00:00,1688000.0,1702500.0,1668500.0,1699000.0,1670371193513,31593946211.3745,18723.2152135,1688000.0,11000.0,0.0065165877
367,KRW-ETH,2022-12-07T00:00:00,2022-12-07T09:00:00,1699000.0,1706000.0,1634500.0,1651000.0,1670457598543,44482878652.72713,26828.18280443,1699000.0,-48000.0,-0.0282519129
368,KRW-ETH,2022-12-08T00:00:00,2022-12-08T09:00:00,1651000.0,1720000.0,1640000.0,1703500.0,1670543999585,39232909463.18479,23448.70305849,1651000.0,52500.0,0.0317989098
369,KRW-ETH,2022-12-09T00:00:00,2022-12-09T09:00:00,1703500.0,1722500.0,1680000.0,1685000.0,1670630396371,39931357248.88188,23495.11937177,1703500.0,-18500.0,-0.0108599941
370,KRW-ETH,2022-12-10T00:00:00,2022-12-10T09:00:00,1685000.0,1707500.0,1681500.0,1687500.0,1670716799870,21653241308.79677,12815.65008258,1685000.0,2500.0,0.0014836795
371,KRW-ETH,2022-12-11T00:00:00,2022-12-11T09:00:00,1687500.0,1704000.0,1675500.0,1683500.0,1670803199685,16696965742.829475,9875.75455867,1687500.0,-4000.0,-0.0023703704
372,KRW-ETH,2022-12-12T00:00:00,2022-12-12T09:00:00,1682000.0,1696500.0,1652500.0,1694500.0,1670889597309,33864499981.31113,20297.26232075,1683500.0,11000.0,0.0065340065
373,KRW-ETH,2022-12-13T00:00:00,2022-12-13T09:00:00,1693000.0,1762500.0,1658000.0,1721500.0,1670975999862,98411218714.33356,57381.66818205,1694500.0,27000.0,0.0159339038
374,KRW-ETH,2022-12-14T00:00:00,2022-12-14T09:00:00,1721500.0,1761000.0,1706500.0,1707500.0,1671062399576,55504527146.04187,32061.15570552,1721500.0,-14000.0,-0.0081324426
375,KRW-ETH,2022-12-15T00:00:00,2022-12-15T09:00:00,1708000.0,1717000.0,1666500.0,1674000.0,1671148799860,45363986179.79208,26876.15691993,1707500.0,-33500.0,-0.0196193265
376,KRW-ETH,2022-12-16T00:00:00,2022-12-16T09:00:00,1674000.0,1682500.0,1547500.0,1563500.0,1671235199731,92914823876.8965,57734.68015563,1674000.0,-110500.0,-0.0660095579
377,KRW-ETH,2022-12-17T00:00:00,2022-12-17T09:00:00,1563000.0,1575500.0,1538500.0,1575000.0,1671321597681,40717283078.90595,26096.69784848,1563500.0,11500.0,0.0073552926
378,KRW-ETH,2022-12-18T00:00:00,2022-12-18T09:00:00,1574500.0,1584000.0,1557500.0,1571000.0,1671407990017,21776846699.556644,13864.55169752,1575000.0,-4000.0,-0.0025396825
379,KRW-ETH,2022-12-19T00:00:00,2022-12-19T09:00:00,1570500.0,1580000.0,1518500.0,1537000.0,1671494399826,35230705692.01427,22686.95713957,1571000.0,-34000.0,-0.0216422661
380,KRW-ETH,2022-12-20T00:00:00,2022-12-20T09:00:00,1537000.0,1603000.0,1531500.0,1586000.0,1671580799494,60138691783.90965,38125.49864738,1537000.0,49000.0,0.0318802863
381,KRW-ETH,2022-12-21T00:00:00,2022-12-21T09:00:00,1584000.0,1595000.0,1569500.0,1582500.0,1671667171639,33582972431.15557,21225.55903531,1586000.0,-3500.0,-0.0022068096
382,KRW-ETH,2022-12-22T00:00:00,2022-12-22T09:00:00,1582500.0,1609000.0,1546500.0,1583000.0,1671753596679,38381172425.41427,24386.49342984,1582500.0,500.0,0.0003159558
383,KRW-ETH,2022-12-23T00:00:00,2022-12-23T09:00:00,1583000.0,1600000.0,1575500.0,1588500.0,1671839988921,31651223187.671974,19943.34580122,1583000.0,5500.0,0.0034744157
384,KRW-ETH,2022-12-24T00:00:00,2022-12-24T09:00:00,1588500.0,1599000.0,1584000.0,1590500.0,1671926391375,11289507513.29591,7103.47327831,1588500.0,2000.0,0.0012590494
385,KRW-ETH,2022-12-25T00:00:00,2022-12-25T09:00:00,1590500.0,1596500.0,1560000.0,1580500.0,1672012795357,18931265993.085766,11979.05613206,1590500.0,-10000.0,-0.006287331
386,KRW-ETH,2022-12-26T00:00:00,2022-12-26T09:00:00,1580500.0,1582500.0,1557500.0,1573500.0,1672099193947,20738435318.745415,13217.72941708,1580500.0,-7000.0,-0.0044289782
387,KRW-ETH,2022-12-27T00:00:00,2022-12-27T09:00:00,1573000.0,1580000.0,1538500.0,1547000.0,1672185597004,23299058701.564045,14958.7106907,1573500.0,-26500.0,-0.0168414363
388,KRW-ETH,2022-12-28T00:00:00,2022-12-28T09:00:00,1547000.0,1549500.0,1506000.0,1514500.0,1672271999665,45949324902.700165,30225.1559503,1547000.0,-32500.0,-0.0210084034
389,KRW-ETH,2022-12-29T00:00:00,2022-12-29T09:00:00,1514500.0,1541000.0,1503000.0,1531500.0,1672358399435,30885537085.867516,20298.10904091,1514500.0,17000.0,0.0112248267
390,KRW-ETH,2022-12-30T00:00:00,2022-12-30T09:00:00,1530000.0,1532000.0,1500000.0,1524000.0,1672444798739,29471077893.66816,19483.61525262,1531500.0,-7500.0,-0.0048971596
391,KRW-ETH,2022-12-31T00:00:00,2022-12-31T09:00:00,1524000.0,1537000.0,1514000.0,1525000.0,1672531198305,16629168260.79408,10909.81178105,1524000.0,1000.0,0.000656168
